Date,Time,Location,CO,SO2,NO2,O3,PM2.5,PM10,AQI,AQI Category
12/2/2024,0:00,Dewanhat,0.326,4,15,27,14,39,55,Moderate
12/2/2024,6:00,Dewanhat,0.298,5.67,7,38,11,27,46,Good
12/2/2024,12:00,Dewanhat,0.29,6.12,27,47,8,25,44,Good
12/2/2024,18:00,Dewanhat,0.304,5,21,42,10,34,42,Good
12/2/2024,0:00,Anderkilla,0.331,3.9,18,27,14.6,37,56,Moderate
12/2/2024,6:00,Anderkilla,0.342,5.1,6.82,29,17,36,61,Moderate
12/2/2024,12:00,Anderkilla,0.303,4.8,7.64,37,13,27,53,Moderate
12/2/2024,18:00,Anderkilla,0.29,5.5,29,46,10,25,43,Good
12/2/2024,0:00,Kotowali,0.378,4.96,9,103.79,41.48,47.23,197,Unhealthy
12/2/2024,6:00,Kotowali,0.354,6.37,3.33,102.89,48.48,54.65,195,Unhealthy
12/2/2024,12:00,Kotowali,0.373,7.57,3.58,90.81,54.25,49.23,163,Unhealthy
12/2/2024,18:00,Kotowali,0.363,5.31,9.32,106.73,29.88,47.88,202,Very Unhealthy
12/2/2024,6:00,Bayejid,0.52,10.96,6.08,87.11,97.66,38.53,173,Unhealthy
12/2/2024,12:00,Bayejid,0.52,11.31,6.34,58.77,152.34,172.23,203,Very Unhealthy
12/2/2024,6:00,Bayejid,0.44,7.7,9.78,53.23,64.27,105.23,156,Unhealthy
12/2/2024,0:00,Bayejid,0.29,8.54,3.87,75.34,81.65,79.23,165,Unhealthy
12/2/2024,0:00,New Market,0.38,6.48,10.5,67.36,63.52,66.2,155,Unhealthy
12/2/2024,6:00,New Market,0.365,6.75,3.98,98.25,55.65,45.79,183,Unhealthy
12/2/2024,12:00,New Market,0.345,7.84,4.89,61.52,52.22,45.12,142,Unhealthy for Sensitive Groups
12/2/2024,18:00,New Market,0.325,5.68,9.38,98.12,35.28,49.82,182,Unhealthy
12/3/2024,0:00,Dewanhat,0.33,5,17,30,17,42,61,Moderate
12/3/2024,6:00,Dewanhat,0.27,3,9,34,9,32,38,Good
12/3/2024,12:00,Dewanhat,0.32,4,22,42,12,29,50,Good
12/3/2024,18:00,Dewanhat,0.3,6,28,29,11,40,46,Good
12/3/2024,0:00,Anderkilla,0.34,5.3,26.5,19,20,30,68,Moderate
12/3/2024,6:00,Anderkilla,0.36,6,23,16,25,35.5,78,Moderate
12/3/2024,12:00,Anderkilla,0.33,6,27.2,38,18,36,63,Moderate
12/3/2024,18:00,Anderkilla,0.35,4.3,31.3,29,19,38.7,66,Moderate
12/3/2024,0:00,Kotowali,0.34,7.52,10.3,10.17,49.08,47.16,134,Unhealthy for Sensitive Groups
12/3/2024,6:00,Kotowali,0.28,6.13,12.08,34.98,46.26,67.71,127,Unhealthy for Sensitive Groups
12/3/2024,12:00,Kotowali,0.32,7.12,10.22,17.78,54.63,53.54,148,Unhealthy for Sensitive Groups
12/3/2024,18:00,Kotowali,0.34,7.33,11.21,24.54,32.67,45.12,94,Moderate
12/3/2024,6:00,Bayejid,0.32,7.06,3.27,89.11,55.76,64.43,159,Unhealthy
12/3/2024,12:00,Bayejid,0.3,4.88,8.21,108.79,26.92,48.08,204,Very Unhealthy
12/3/2024,6:00,Bayejid,0.39,7.95,9.36,11.82,50.02,32.21,137,Unhealthy for Sensitive Groups
12/3/2024,0:00,Bayejid,0.44,7.99,11.07,51.94,56.63,51.83,152,Unhealthy
12/3/2024,0:00,New Market,0.35,6.24,12.5,24.98,46.26,35.65,127,Unhealthy for Sensitive Groups
12/3/2024,6:00,New Market,0.36,7.66,9.56,36.79,46.22,48.54,127,Unhealthy for Sensitive Groups
12/3/2024,12:00,New Market,0.38,6.48,10.5,67.36,59.12,54.85,153,Unhealthy
12/3/2024,18:00,New Market,0.43,6.73,12.45,28.3,32.65,58.36,94,Moderate
12/4/2024,0:00,Dewanhat,0.315,4.25,8.15,34.45,12.32,36.78,51,Moderate
12/4/2024,6:00,Dewanhat,0.32,4.6,15.34,31.25,9.54,28.67,40,Good
12/4/2024,12:00,Dewanhat,0.295,5.1,12.78,43.65,19.65,35.9,67,Moderate
12/4/2024,18:00,Dewanhat,0.348,6.05,18.35,40.12,28.45,48.12,85,Moderate
12/4/2024,0:00,Anderkilla,0.35,4.4,26.5,21,23.7,35,75,Moderate
12/4/2024,6:00,Anderkilla,0.34,4.5,29.8,17,25.6,27.5,79,Moderate
12/4/2024,12:00,Anderkilla,0.28,4.2,21.7,26,16.3,19.8,60,Moderate
12/4/2024,18:00,Anderkilla,0.25,3.6,29.8,42,14,35,55,Moderate
12/4/2024,0:00,Kotowali,0.32,4.2,14.67,48.81,48.17,35.16,132,Unhealthy for Sensitive Groups
12/4/2024,6:00,Kotowali,0.34,7.24,12.03,34.98,46.26,52.14,127,Unhealthy for Sensitive Groups
12/4/2024,12:00,Kotowali,0.31,3.53,6.18,45.13,41.1,35.33,115,Unhealthy for Sensitive Groups
12/4/2024,18:00,Kotowali,0.29,7.04,10.35,99.98,70.83,76.44,187,Unhealthy
12/4/2024,6:00,Bayejid,0.44,4.31,10.64,66.84,48.09,57.13,132,Unhealthy for Sensitive Groups
12/4/2024,12:00,Bayejid,0.34,7.75,8.43,61.51,44.57,42.23,123,Unhealthy for Sensitive Groups
12/4/2024,6:00,Bayejid,0.41,5.41,8.9,50.2,45.07,41.25,125,Unhealthy for Sensitive Groups
12/4/2024,0:00,Bayejid,0.38,7.99,8.05,73.05,61.48,55.35,154,Unhealthy
12/4/2024,0:00,New Market,0.31,4.5,28.96,26.38,70.21,35.12,159,Unhealthy
12/4/2024,6:00,New Market,0.35,4.21,29.85,25.98,51.25,21.12,140,Unhealthy for Sensitive Groups
12/4/2024,12:00,New Market,0.34,4.35,21.58,45.55,69.28,23.69,158,Unhealthy
12/4/2024,18:00,New Market,0.348,3.68,18.25,59.68,25.24,41.52,79,Moderate
12/5/2024,0:00,Dewanhat,0.39,5.4,29.34,37.12,14.32,36.78,56,Moderate
12/5/2024,6:00,Dewanhat,0.42,5.85,18.67,42.15,25.45,41.78,79,Moderate
12/5/2024,12:00,Dewanhat,0.38,6.2,26.12,45.34,30.48,50.56,90,Moderate
12/5/2024,18:00,Dewanhat,0.34,4.9,11.78,28.65,21.32,35.87,70,Moderate
12/5/2024,0:00,Anderkilla,0.4,5.8,29,22,41,41,115,Unhealthy for Sensitive Groups
12/5/2024,6:00,Anderkilla,0.41,6.3,28.2,24,41.9,43,117,Unhealthy for Sensitive Groups
12/5/2024,12:00,Anderkilla,0.32,9.2,22,49,35,61,99,Moderate
12/5/2024,18:00,Anderkilla,0.34,8.6,31,51,31,66,91,Moderate
12/5/2024,0:00,Kotowali,0.36,8.61,11.03,110.03,41.73,35.71,205,Very Unhealthy
12/5/2024,6:00,Kotowali,0.38,3.36,6.06,98.7,65,54.8,184,Unhealthy
12/5/2024,12:00,Kotowali,0.33,6.13,14.97,48.81,46.34,52.12,128,Unhealthy for Sensitive Groups
12/5/2024,18:00,Kotowali,0.4,7.43,37.3,34.98,41.1,34.88,115,Unhealthy for Sensitive Groups
12/5/2024,6:00,Bayejid,0.31,10.91,6.95,131.17,39.85,75.37,228,Very Unhealthy
12/5/2024,12:00,Bayejid,0.46,16.8,7.44,59.73,77.88,122.48,163,Unhealthy
12/5/2024,6:00,Bayejid,0.55,11.36,6.23,75.6,90.42,84.12,169,Unhealthy
12/5/2024,0:00,Bayejid,0.36,3.54,2.31,103.04,79.39,41.21,195,Unhealthy
12/5/2024,0:00,New Market,0.365,5.2,6.1,21,115.12,36.26,182,Unhealthy
12/5/2024,6:00,New Market,0.395,6.25,15.12,25,131.25,45.21,190,Unhealthy
12/5/2024,12:00,New Market,0.42,5.8,11.12,34,92,82.21,170,Unhealthy
12/5/2024,18:00,New Market,0.345,8.55,21,56,68,72.12,157,Unhealthy
12/6/2024,0:00,Dewanhat,0.375,5.75,23.45,36.85,35.78,46.34,102,Unhealthy for Sensitive Groups
12/6/2024,6:00,Dewanhat,0.41,5.6,19.15,44.21,18.65,50.12,65,Moderate
12/6/2024,12:00,Dewanhat,0.435,6.8,25.5,39.65,20.48,49.89,69,Moderate
12/6/2024,18:00,Dewanhat,0.365,4.9,22.45,50.34,31.12,42.45,91,Moderate
12/6/2024,0:00,Anderkilla,0.47,6.9,30,24,43,58,119,Unhealthy for Sensitive Groups
12/6/2024,6:00,Anderkilla,0.43,5.8,29,19,40,51.5,112,Unhealthy for Sensitive Groups
12/6/2024,12:00,Anderkilla,0.37,11,24,34,46.5,69.3,128,Unhealthy for Sensitive Groups
12/6/2024,18:00,Anderkilla,0.3,8.8,31,53,26,37,80,Moderate
12/6/2024,0:00,Kotowali,0.32,11.2,6.16,97.6,72.23,52.14,181,Unhealthy
12/6/2024,6:00,Kotowali,0.4,6.8,10.22,112.21,46.26,55.65,208,Very Unhealthy
12/6/2024,12:00,Kotowali,0.48,6.1,2.44,35.54,65.33,73.21,156,Unhealthy
12/6/2024,18:00,Kotowali,0.38,10.2,6.99,98.24,75.32,68.2,183,Unhealthy
12/6/2024,6:00,Bayejid,0.4,14.4,6.47,109.81,68.88,54.82,205,Very Unhealthy
12/6/2024,12:00,Bayejid,0.42,13.26,3.27,114.95,57.48,102.68,210,Very Unhealthy
12/6/2024,6:00,Bayejid,0.45,12.75,5.08,97.51,97.67,44,181,Unhealthy
12/6/2024,0:00,Bayejid,0.36,11.15,2.42,123.17,88.58,69.22,219,Very Unhealthy
12/6/2024,0:00,New Market,0.355,5.61,6.12,25,82.12,55.21,165,Unhealthy
12/6/2024,6:00,New Market,0.31,8.98,7.21,45,59.28,53.16,153,Unhealthy
12/6/2024,12:00,New Market,0.365,12.3,6.98,32,75.24,71.12,161,Unhealthy
12/6/2024,18:00,New Market,0.385,8.21,5,28.92,65.21,62.21,156,Unhealthy
12/7/2024,0:00,Dewanhat,0.31,5,14.12,39.15,18.65,28.12,65,Moderate
12/7/2024,6:00,Dewanhat,0.295,5.5,17.65,33.78,20.48,37.34,69,Moderate
12/7/2024,12:00,Dewanhat,0.345,5.9,21.32,47.65,24.12,41.89,76,Moderate
12/7/2024,18:00,Dewanhat,0.35,4.75,23.45,38.25,26.45,48.23,81,Moderate
12/7/2024,0:00,Anderkilla,0.4,6.7,30,19,31.7,43,92,Moderate
12/7/2024,6:00,Anderkilla,0.39,6.3,25,14,34.6,47,98,Moderate
12/7/2024,12:00,Anderkilla,0.34,8.4,16.5,42,33,50,95,Moderate
12/7/2024,18:00,Anderkilla,0.31,6.1,30,51,16.5,33,60,Moderate
12/7/2024,0:00,Kotowali,0.31,9.15,12.99,123.2,52.13,47.13,219,Very Unhealthy
12/7/2024,6:00,Kotowali,0.37,3.88,6.22,95.35,29.54,67.12,175,Unhealthy
12/7/2024,12:00,Kotowali,0.34,7.04,10.74,32.88,44.34,35.16,123,Unhealthy for Sensitive Groups
12/7/2024,18:00,Kotowali,0.42,8.33,8.21,79.86,54.65,54.33,148,Unhealthy for Sensitive Groups
12/7/2024,6:00,Bayejid,0.33,6.42,6.87,82.13,44.8,52.81,140,Unhealthy for Sensitive Groups
12/7/2024,12:00,Bayejid,0.37,11.68,7.97,61.69,78.68,78.04,163,Unhealthy
12/7/2024,6:00,Bayejid,0.47,10.24,6.12,38.64,83.65,71.77,166,Unhealthy
12/7/2024,0:00,Bayejid,0.36,9.24,5.32,75.64,52.05,18.7,142,Unhealthy for Sensitive Groups
12/7/2024,0:00,New Market,0.36,8.41,11.12,111.21,55.21,48.92,206,Very Unhealthy
12/7/2024,6:00,New Market,0.31,6.2,6.25,96.65,28.18,72.12,178,Unhealthy
12/7/2024,12:00,New Market,0.34,7.21,9.21,38.92,44.21,39.52,122,Unhealthy for Sensitive Groups
12/7/2024,18:00,New Market,0.36,5.23,8.55,81.39,54.21,41.21,147,Unhealthy for Sensitive Groups
12/8/2024,0:00,Dewanhat,0.4,6.5,16.89,29.78,15.32,40.12,58,Moderate
12/8/2024,6:00,Dewanhat,0.37,6,12.45,50.15,22.78,35.67,73,Moderate
12/8/2024,12:00,Dewanhat,0.43,5.65,27.34,44.32,31.45,49.78,92,Moderate
12/8/2024,18:00,Dewanhat,0.46,7.8,32.45,48.65,28.78,52.45,86,Moderate
12/8/2024,0:00,Anderkilla,0.41,5.1,30,19,31,38,91,Moderate
12/8/2024,6:00,Anderkilla,0.41,4.6,20,21,36.8,45.6,104,Unhealthy for Sensitive Groups
12/8/2024,12:00,Anderkilla,0.38,6.3,12.7,36,19.5,37,67,Moderate
12/8/2024,18:00,Anderkilla,0.33,6.4,28,54,20.5,41.6,69,Moderate
12/8/2024,0:00,Kotowali,0.32,9.13,2.24,99.33,39.32,63.32,185,Unhealthy
12/8/2024,6:00,Kotowali,0.34,3.57,6.06,72.32,65.42,77.13,156,Unhealthy
12/8/2024,12:00,Kotowali,0.37,8.05,10.33,104.1,59.55,34.53,198,Unhealthy
12/8/2024,18:00,Kotowali,0.41,3.35,12.33,32.44,48.12,53.23,132,Unhealthy for Sensitive Groups
12/8/2024,6:00,Bayejid,0.39,8.54,5.41,87.11,63.36,38.53,155,Unhealthy
12/8/2024,12:00,Bayejid,0.43,4.86,6.81,53.96,84.09,120.27,166,Unhealthy
12/8/2024,6:00,Bayejid,0.39,9.47,5.68,32.84,120.97,86.64,185,Unhealthy
12/8/2024,0:00,Bayejid,0.29,7,3.87,40.09,64.29,57.95,156,Unhealthy
12/8/2024,0:00,New Market,0.33,6.37,11.25,75,112.35,43.21,180,Unhealthy
12/8/2024,6:00,New Market,0.34,8.12,15.21,25,62.35,55.23,155,Unhealthy
12/8/2024,12:00,New Market,0.32,4.52,13.25,45,61.23,48.24,154,Unhealthy
12/8/2024,18:00,New Market,0.355,5.26,6.45,82.26,49.56,48.96,140,Unhealthy for Sensitive Groups
12/9/2024,0:00,Dewanhat,0.398,7,15.25,28.32,27.5,41.34,83,Moderate
12/9/2024,6:00,Dewanhat,0.325,6.25,15.89,37.89,29.32,44.12,87,Moderate
12/9/2024,12:00,Dewanhat,0.375,5.75,10.45,31.12,13.45,38.65,54,Moderate
12/9/2024,18:00,Dewanhat,0.345,6.15,19.12,42.78,24.89,47.34,78,Moderate
12/9/2024,0:00,Anderkilla,0.365,6.9,14.45,39.32,20.12,39,68,Moderate
12/9/2024,6:00,Anderkilla,0.43,5.2,30,17,44.8,52,124,Unhealthy for Sensitive Groups
12/9/2024,12:00,Anderkilla,0.34,5,26,25,35.5,35.3,101,Unhealthy for Sensitive Groups
12/9/2024,18:00,Anderkilla,0.3,6.7,32.9,39,16.3,40,60,Moderate
12/9/2024,0:00,Kotowali,0.43,9.61,10.22,49.27,44.24,47.26,123,Unhealthy for Sensitive Groups
12/9/2024,6:00,Kotowali,0.41,8.02,2.36,30.37,56.23,50.25,151,Unhealthy
12/9/2024,12:00,Kotowali,0.32,3.35,6.06,10.15,29.44,47.16,87,Moderate
12/9/2024,18:00,Kotowali,0.37,7.05,12.03,109.2,41.28,67.12,204,Very Unhealthy
12/9/2024,6:00,Bayejid,0.29,10.96,3.87,75.34,64.25,57.93,156,Unhealthy
12/9/2024,12:00,Bayejid,0.44,11.31,9.78,53.95,120.97,86.84,185,Unhealthy
12/9/2024,6:00,Bayejid,0.52,7.7,6.34,58.76,84.08,120.27,166,Unhealthy
12/9/2024,0:00,Bayejid,0.52,8.54,6.08,87.11,63.36,38.53,155,Unhealthy
12/9/2024,0:00,New Market,0.35,6.15,32,18.21,56.36,47.21,151,Unhealthy
12/9/2024,6:00,New Market,0.325,5.23,26.21,25.12,45.39,50.26,125,Unhealthy for Sensitive Groups
12/9/2024,12:00,New Market,0.41,6.21,35,30.25,34.26,62.39,98,Moderate
12/9/2024,18:00,New Market,0.345,5.32,21,26.23,65.29,51.12,156,Unhealthy
12/10/2024,0:00,Dewanhat,0.38,5.8,25.34,35.45,16.78,42.34,61,Moderate
12/10/2024,6:00,Dewanhat,0.4,7.15,21.65,41.78,27.89,48.89,84,Moderate
12/10/2024,12:00,Dewanhat,0.415,6.45,29.12,48.12,32.78,50.45,94,Moderate
12/10/2024,18:00,Dewanhat,0.43,5.85,31.34,36.65,21.12,43.78,70,Moderate
12/10/2024,0:00,Anderkilla,0.39,5.2,17,39,28,65,84,Moderate
12/10/2024,6:00,Anderkilla,0.41,5.6,31,25,34.6,35.7,98,Moderate
12/10/2024,12:00,Anderkilla,0.4,6.4,22,28,42.3,57,118,Unhealthy for Sensitive Groups
12/10/2024,18:00,Anderkilla,0.36,6.5,32.9,37,30.7,67,90,Moderate
12/10/2024,0:00,Kotowali,0.34,6.12,6.13,34.99,43.53,53.12,121,Unhealthy for Sensitive Groups
12/10/2024,6:00,Kotowali,0.38,12.33,12.33,77.43,42.41,35.35,124,Unhealthy for Sensitive Groups
12/10/2024,12:00,Kotowali,0.44,9.15,12.08,98.89,60.19,52.13,184,Unhealthy
12/10/2024,18:00,Kotowali,0.33,6.15,23.3,13.32,70.21,67.13,159,Unhealthy
12/10/2024,6:00,Bayejid,0.42,7.58,9.92,95.04,152.34,61.98,203,Very Unhealthy
12/10/2024,12:00,Bayejid,0.52,10.96,6.34,75.03,96.83,79.3,172,Unhealthy
12/10/2024,6:00,Bayejid,0.38,11.31,6.08,53.96,81.65,105.84,165,Unhealthy
12/10/2024,0:00,Bayejid,0.52,7.8,5.92,58.76,54.55,172.78,148,Unhealthy for Sensitive Groups
12/10/2024,0:00,New Market,0.365,9.25,8.21,36.21,45.23,53.29,125,Unhealthy for Sensitive Groups
12/10/2024,6:00,New Market,0.345,7.25,9.26,56.23,41.62,61.25,116,Unhealthy for Sensitive Groups
12/10/2024,12:00,New Market,0.43,8.21,6.52,80.32,45.32,45.29,134,Unhealthy for Sensitive Groups
12/10/2024,18:00,New Market,0.39,9.21,12.38,20.32,60.21,51.23,153,Unhealthy
12/11/2024,0:00,Dewanhat,0.375,6.05,12.34,42.15,18.89,40.45,65,Moderate
12/11/2024,6:00,Dewanhat,0.4,5.6,25.12,31.65,12.32,35.12,51,Moderate
12/11/2024,12:00,Dewanhat,0.45,7.45,32.65,50.78,30.12,53.78,89,Moderate
12/11/2024,18:00,Dewanhat,0.395,6.85,14.12,38.45,21.45,42.89,71,Moderate
12/11/2024,0:00,Anderkilla,0.44,8.4,29.5,26,42.9,87,119,Unhealthy for Sensitive Groups
12/11/2024,6:00,Anderkilla,0.45,8.5,31,19,43.5,67,121,Unhealthy for Sensitive Groups
12/11/2024,12:00,Anderkilla,0.32,7.8,19,33,35,46,99,Moderate
12/11/2024,18:00,Anderkilla,0.3,6.7,31,42,22.11,47.4,72,Moderate
12/11/2024,0:00,Kotowali,0.38,6.22,6.18,49.23,29.88,35.16,88,Moderate
12/11/2024,6:00,Kotowali,0.31,7.32,10.35,99.98,54.65,52.14,187,Unhealthy
12/11/2024,12:00,Kotowali,0.41,9.12,2.23,88.34,70.26,76.33,159,Unhealthy
12/11/2024,18:00,Kotowali,0.39,3.57,6.05,111.04,70.64,53.8,206,Very Unhealthy
12/11/2024,6:00,Bayejid,0.52,7.58,6.34,95.04,152.34,61.44,203,Very Unhealthy
12/11/2024,12:00,Bayejid,0.52,10.96,6.08,75.34,96.65,81.65,172,Unhealthy
12/11/2024,6:00,Bayejid,0.38,11.31,5.92,53.95,81.65,96.83,165,Unhealthy
12/11/2024,0:00,Bayejid,0.4,6.77,6.13,58.76,54.44,152.34,148,Unhealthy for Sensitive Groups
12/11/2024,0:00,New Market,0.39,8.49,7.27,89.59,69.49,81.67,160,Unhealthy
12/11/2024,6:00,New Market,0.38,8.02,7.2,79.77,72.9,92.19,160,Unhealthy
12/11/2024,12:00,New Market,0.45,9.19,7.32,77.6,93.3,99.84,171,Unhealthy
12/11/2024,18:00,New Market,0.53,10.13,8.72,49.55,96.28,93.04,172,Unhealthy
12/12/2024,0:00,Dewanhat,0.385,5.95,19.12,46.78,22.89,48.65,74,Moderate
12/12/2024,6:00,Dewanhat,0.39,6.55,27.45,31.89,14.45,34.78,56,Moderate
12/12/2024,12:00,Dewanhat,0.435,7.1,28.65,38.45,15.78,50.89,59,Moderate
12/12/2024,18:00,Dewanhat,0.42,6.4,30.12,46.34,20.45,52.34,69,Moderate
12/12/2024,0:00,Anderkilla,0.38,6,30,24,34,54,97,Moderate
12/12/2024,6:00,Anderkilla,0.439,6,39,25,53,74,144,Unhealthy for Sensitive Groups
12/12/2024,12:00,Anderkilla,0.393,6,21,32,46,62,127,Unhealthy for Sensitive Groups
12/12/2024,18:00,Anderkilla,0.351,6,51,33,24,46,76,Moderate
12/12/2024,0:00,Kotowali,0.38,6.54,5.03,102.38,35,33.21,193,Unhealthy
12/12/2024,6:00,Kotowali,0.39,2.76,7.34,38.13,93.9,40.8,171,Unhealthy
12/12/2024,12:00,Kotowali,0.37,9.19,6.34,77.46,42.6,99.84,124,Unhealthy for Sensitive Groups
12/12/2024,18:00,Kotowali,0.41,6.87,5.9,90.72,30.6,39.77,163,Unhealthy
12/12/2024,6:00,Bayejid,0.3,2.48,2.37,101.03,40.7,36.35,190,Unhealthy
12/12/2024,12:00,Bayejid,0.29,4.6,4.88,102.56,31.1,33.98,194,Unhealthy
12/12/2024,6:00,Bayejid,0.32,5.54,7.33,46.14,72.35,70.51,160,Unhealthy
12/12/2024,0:00,Bayejid,0.21,4.65,5.55,64.77,24.53,26.91,83,Moderate
12/12/2024,0:00,New Market,0.45,9.19,7.32,77.46,93.9,99.84,171,Unhealthy
12/12/2024,6:00,New Market,0.53,10.13,8.72,49.55,96.28,93.04,172,Unhealthy
12/12/2024,12:00,New Market,0.39,7.01,2.88,99.64,59.69,64.71,186,Unhealthy
12/12/2024,18:00,New Market,0.38,6.81,3.07,97.13,59.88,62.14,180,Unhealthy
12/13/2024,0:00,Dewanhat,0.3,4.1,22.15,39.34,28.45,36.78,85,Moderate
12/13/2024,6:00,Dewanhat,0.32,5.25,18.34,41.28,31.45,39.23,92,Moderate
12/13/2024,12:00,Dewanhat,0.33,6.12,19.45,36.34,29.78,35.45,88,Moderate
12/13/2024,18:00,Dewanhat,0.345,5.7,23.65,42.15,27.89,40.12,84,Moderate
12/13/2024,0:00,Anderkilla,0.428,5,28,22,35,49,99,Moderate
12/13/2024,6:00,Anderkilla,0.446,6,41,20,63,85,155,Unhealthy
12/13/2024,12:00,Anderkilla,0.351,6,40,47,35,70,99,Moderate
12/13/2024,18:00,Anderkilla,0.365,6,48,43,32,67,93,Moderate
12/13/2024,0:00,Kotowali,0.29,4.96,9,103.79,41.48,47.23,197,Unhealthy
12/13/2024,6:00,Kotowali,0.32,6.37,3.33,102.89,48.48,45.47,195,Unhealthy
12/13/2024,12:00,Kotowali,0.38,7.52,10.3,10.17,49.08,47.16,134,Unhealthy for Sensitive Groups
12/13/2024,18:00,Kotowali,0.41,7.57,3.58,90.81,54.65,50.95,163,Unhealthy
12/13/2024,6:00,Bayejid,0.3,4.65,2.37,101.3,40.45,36.35,190,Unhealthy
12/13/2024,12:00,Bayejid,0.29,5.54,4.88,102.56,31.1,33.98,194,Unhealthy
12/13/2024,6:00,Bayejid,0.32,4.6,7.33,46.14,72.84,70.51,160,Unhealthy
12/13/2024,0:00,Bayejid,0.21,2.48,5.55,64.77,24.53,26.91,83,Moderate
12/13/2024,0:00,New Market,0.42,7.47,7.6,77.16,78.55,55.56,163,Unhealthy
12/13/2024,6:00,New Market,0.3,6.12,7.28,78.92,42.39,36.52,129,Unhealthy for Sensitive Groups
12/13/2024,12:00,New Market,0.4,7.15,3.12,115.67,88.87,79.87,211,Very Unhealthy
12/13/2024,18:00,New Market,0.39,6.28,7.66,82.56,96.27,76.53,172,Unhealthy
12/14/2024,0:00,Dewanhat,0.35,4.8,15.34,33.12,21.54,37.67,71,Moderate
12/14/2024,6:00,Dewanhat,0.37,5.95,28.12,44.78,26.89,41.12,82,Moderate
12/14/2024,12:00,Dewanhat,0.39,6.5,20.15,30.25,30.54,38.76,90,Moderate
12/14/2024,18:00,Dewanhat,0.4,4.9,12.34,28.45,19.65,31.78,67,Moderate
12/14/2024,0:00,Anderkilla,0.432,5,27,20,47,53,129,Unhealthy for Sensitive Groups
12/14/2024,6:00,Anderkilla,0.418,5,39,19,54,63,147,Unhealthy for Sensitive Groups
12/14/2024,12:00,Anderkilla,0.34,6,22,40,30,47,89,Moderate
12/14/2024,18:00,Anderkilla,0.38,5,43,36,20,52,68,Moderate
12/14/2024,0:00,Kotowali,0.42,5.36,9.32,106.73,29.88,31.43,202,Very Unhealthy
12/14/2024,6:00,Kotowali,0.4,9.15,12.08,34.98,46.26,52.14,127,Unhealthy for Sensitive Groups
12/14/2024,12:00,Kotowali,0.32,7.32,12.03,49.13,35.13,48.14,99,Moderate
12/14/2024,18:00,Kotowali,0.38,6.13,14.67,30.04,70.63,67.1,159,Unhealthy
12/14/2024,6:00,Bayejid,0.24,2.73,5.12,73.4,54.88,53.83,149,Unhealthy for Sensitive Groups
12/14/2024,12:00,Bayejid,0.42,9.65,9.76,63.91,69.4,68.45,158,Unhealthy
12/14/2024,6:00,Bayejid,0.27,7.65,5.53,112.9,32.29,42.5,208,Very Unhealthy
12/14/2024,0:00,Bayejid,0.3,5.06,4.51,63.81,54.68,65.57,148,Unhealthy for Sensitive Groups
12/14/2024,0:00,New Market,0.41,5.36,22.56,28.59,25.81,36.52,80,Moderate
12/14/2024,6:00,New Market,0.38,5.36,27.85,35.36,30.28,52.32,89,Moderate
12/14/2024,12:00,New Market,0.4,4.9,25.29,49.36,41.32,56.38,115,Unhealthy for Sensitive Groups
12/14/2024,18:00,New Market,0.39,6,29.28,56.32,53.69,62.56,146,Unhealthy for Sensitive Groups
12/15/2024,0:00,Dewanhat,0.41,6.25,27.45,47.15,32.54,43.12,94,Moderate
12/15/2024,6:00,Dewanhat,0.42,5.5,25.34,34.12,22.67,36.89,73,Moderate
12/15/2024,12:00,Dewanhat,0.385,5.75,16.12,31.54,15.45,28.12,58,Moderate
12/15/2024,18:00,Dewanhat,0.395,6.15,29.45,41.25,33.65,44.45,96,Moderate
12/15/2024,0:00,Anderkilla,0.388,5,40,24,48,40,132,Unhealthy for Sensitive Groups
12/15/2024,6:00,Anderkilla,0.364,5,23,44,17,39,61,Moderate
12/15/2024,12:00,Anderkilla,0.343,5,8,51,15,35,57,Moderate
12/15/2024,18:00,Anderkilla,0.287,3,19,21,26,14,80,Moderate
12/15/2024,0:00,Kotowali,0.29,3.57,6.18,99.89,41.1,35.33,187,Unhealthy
12/15/2024,6:00,Kotowali,0.32,7.04,10.35,45.13,70.83,76.44,159,Unhealthy
12/15/2024,12:00,Kotowali,0.37,3.36,6.06,98.09,41.73,35.73,182,Unhealthy
12/15/2024,18:00,Kotowali,0.31,4.96,9,103.79,41.34,47.23,197,Unhealthy
12/15/2024,6:00,Bayejid,0.42,7.19,12.54,51.36,54.15,52.36,147,Unhealthy for Sensitive Groups
12/15/2024,12:00,Bayejid,0.42,7.41,11.34,50.46,63.37,50.47,155,Unhealthy
12/15/2024,6:00,Bayejid,0.32,7.06,3.27,89.11,55.76,51.83,159,Unhealthy
12/15/2024,0:00,Bayejid,0.3,4.88,8.21,108.7,26.92,32.21,204,Very Unhealthy
12/15/2024,0:00,New Market,0.41,6.15,12.32,45.23,48.25,36.23,132,Unhealthy for Sensitive Groups
12/15/2024,6:00,New Market,0.39,4.52,16.23,80.25,62.32,29.63,155,Unhealthy
12/15/2024,12:00,New Market,0.38,5.32,25.12,52.23,55.32,32.23,150,Unhealthy for Sensitive Groups
12/15/2024,18:00,New Market,0.388,6.32,29.13,56.23,56.12,25.36,151,Unhealthy
12/16/2024,0:00,Dewanhat,0.425,5.9,24.34,39.15,26.78,38.45,82,Moderate
12/16/2024,6:00,Dewanhat,0.43,6.5,31.45,43.25,28.89,46.34,86,Moderate
12/16/2024,12:00,Dewanhat,0.445,6.2,20.34,36.34,20.65,39.45,69,Moderate
12/16/2024,18:00,Dewanhat,0.45,4.7,15.34,29.78,18.54,30.78,65,Moderate
12/16/2024,0:00,Anderkilla,0.358,3,42,23,30,42,89,Moderate
12/16/2024,6:00,Anderkilla,0.321,5,35,55,21,43,70,Moderate
12/16/2024,12:00,Anderkilla,0.287,3,19,21,26,38,80,Moderate
12/16/2024,18:00,Anderkilla,0.268,3,15,22,17,23,61,Moderate
12/16/2024,0:00,Kotowali,0.32,6.37,3.53,102.94,48.48,45.47,195,Unhealthy
12/16/2024,6:00,Kotowali,0.4,7.53,10.3,10.17,49.85,47.16,136,Unhealthy for Sensitive Groups
12/16/2024,12:00,Kotowali,0.29,7.32,4.65,93.34,55.25,50.95,170,Unhealthy
12/16/2024,18:00,Kotowali,0.37,6.22,10.32,104.65,32.64,31.88,199,Unhealthy
12/16/2024,6:00,Bayejid,0.39,7.95,9.36,11.82,50.2,48.08,137,Unhealthy for Sensitive Groups
12/16/2024,12:00,Bayejid,0.44,7.95,11.07,51.94,56.63,64.43,152,Unhealthy
12/16/2024,6:00,Bayejid,0.34,5.41,8.43,103.12,42.22,47.91,195,Unhealthy
12/16/2024,0:00,Bayejid,0.41,7.75,8.9,66.84,57.13,61.48,152,Unhealthy
12/16/2024,0:00,New Market,0.4,7.63,9.11,51.23,55.23,48.23,150,Unhealthy for Sensitive Groups
12/16/2024,6:00,New Market,0.32,5.95,11.25,66.23,31.68,50.23,92,Moderate
12/16/2024,12:00,New Market,0.26,6.37,3.13,113.07,38.6,29.4,208,Very Unhealthy
12/16/2024,18:00,New Market,0.28,8.2,6.33,91.93,43.94,47,166,Unhealthy
12/17/2024,0:00,Dewanhat,0.46,5.8,22.12,38.12,23.54,37.89,75,Moderate
12/17/2024,6:00,Dewanhat,0.47,6.6,26.45,43.15,29.78,42.45,88,Moderate
12/17/2024,12:00,Dewanhat,0.48,5.1,12.34,31.54,19.45,33.89,66,Moderate
12/17/2024,18:00,Dewanhat,0.49,4.9,18.34,42.15,27.65,41.23,84,Moderate
12/17/2024,0:00,Anderkilla,0.289,4,28,42,28,27,84,Moderate
12/17/2024,6:00,Anderkilla,0.373,3,30,11,23,30,74,Moderate
12/17/2024,12:00,Anderkilla,0.331,4,19,19,32,17,93,Moderate
12/17/2024,18:00,Anderkilla,0.327,6,39,41,19,39,66,Moderate
12/17/2024,0:00,Kotowali,0.37,9.16,11.21,34.05,46.23,52.12,127,Unhealthy for Sensitive Groups
12/17/2024,6:00,Kotowali,0.26,7.55,13.55,48.81,48.17,35.15,132,Unhealthy for Sensitive Groups
12/17/2024,12:00,Kotowali,0.34,7.21,14.76,30.76,70.65,67.17,159,Unhealthy
12/17/2024,18:00,Kotowali,0.29,3.65,6.12,99.98,41.1,35.33,187,Unhealthy
12/17/2024,6:00,Bayejid,0.38,4.31,8.05,61.53,42.26,45.07,118,Unhealthy for Sensitive Groups
12/17/2024,12:00,Bayejid,0.38,4.47,8.24,50.2,41.62,44.57,116,Unhealthy for Sensitive Groups
12/17/2024,6:00,Bayejid,0.27,2.86,2.5,73.05,55.26,48.09,150,Unhealthy for Sensitive Groups
12/17/2024,0:00,Bayejid,0.31,3.54,6.95,103.04,39.85,41.21,195,Unhealthy
12/17/2024,0:00,New Market,0.29,4.2,12.12,48.21,46.32,56.36,128,Unhealthy for Sensitive Groups
12/17/2024,6:00,New Market,0.32,7.52,15.31,42.23,42.36,45.26,118,Unhealthy for Sensitive Groups
12/17/2024,12:00,New Market,0.34,6.32,19.23,45.32,39.23,35.18,110,Unhealthy for Sensitive Groups
12/17/2024,18:00,New Market,0.33,5.63,11.24,30.76,42.78,44.52,119,Unhealthy for Sensitive Groups
12/18/2024,0:00,Dewanhat,0.5,6.25,19.12,30.25,20.78,35.45,69,Moderate
12/18/2024,6:00,Dewanhat,0.51,5.35,15.34,29.78,18.54,31.12,65,Moderate
12/18/2024,12:00,Dewanhat,0.52,6.6,28.34,45.25,33.45,43.67,96,Moderate
12/18/2024,18:00,Dewanhat,0.53,5.5,22.34,36.34,25.78,39.45,80,Moderate
12/18/2024,0:00,Anderkilla,0.41,5,23,31,26,29,80,Moderate
12/18/2024,6:00,Anderkilla,0.441,7,36,42,19,34,66,Moderate
12/18/2024,12:00,Anderkilla,0.398,8,36,42,13,33,53,Moderate
12/18/2024,18:00,Anderkilla,0.434,7,38,19,34,37,97,Moderate
12/18/2024,0:00,Kotowali,0.37,7.04,10.55,46.13,70.83,76.44,159,Unhealthy
12/18/2024,6:00,Kotowali,0.32,3.36,7.06,98.6,41.76,35.73,183,Unhealthy
12/18/2024,12:00,Kotowali,0.42,6.54,5.9,103.54,30.5,33.21,196,Unhealthy
12/18/2024,18:00,Kotowali,0.39,2.76,5.65,38.13,42.17,40.98,117,Unhealthy for Sensitive Groups
12/18/2024,6:00,Bayejid,0.46,11.36,7.44,75.6,77.68,84.12,162,Unhealthy
12/18/2024,12:00,Bayejid,0.55,16.8,6.23,59.73,90.42,122.48,169,Unhealthy
12/18/2024,6:00,Bayejid,0.36,10.91,2.31,131.17,79.37,75.37,228,Very Unhealthy
12/18/2024,0:00,Bayejid,0.4,11.15,6.47,123.17,68.88,69.22,219,Very Unhealthy
12/18/2024,0:00,New Market,0.38,6.5,15.36,45.63,22.36,44.25,73,Moderate
12/18/2024,6:00,New Market,0.36,5.02,18.26,43.56,20.13,36.32,68,Moderate
12/18/2024,12:00,New Market,0.4,6.36,22.36,32.35,22.36,82.36,73,Moderate
12/18/2024,18:00,New Market,0.41,7.2,26.36,38.14,43.25,52.2,120,Unhealthy for Sensitive Groups
12/19/2024,0:00,Dewanhat,0.54,5.7,27.34,40.78,31.45,42.12,92,Moderate
12/19/2024,6:00,Dewanhat,0.55,6,21.45,33.12,22.54,36.45,73,Moderate
12/19/2024,12:00,Dewanhat,0.56,4.95,12.12,28.34,19.65,30.78,67,Moderate
12/19/2024,18:00,Dewanhat,0.57,6.35,29.45,41.78,34.45,44.78,98,Moderate
12/19/2024,0:00,Anderkilla,0.42,6,19,18,31,35,91,Moderate
12/19/2024,6:00,Anderkilla,0.381,5,11,41,28,55,84,Moderate
12/19/2024,12:00,Anderkilla,0.321,5,7,55,21,43,70,Moderate
12/19/2024,18:00,Anderkilla,0.394,7,39,37,16,43,59,Moderate
12/19/2024,0:00,Kotowali,0.36,4.32,6.99,38.13,41.19,43.9,115,Unhealthy for Sensitive Groups
12/19/2024,6:00,Kotowali,0.38,9.54,7.43,77.45,93.9,99.48,171,Unhealthy
12/19/2024,12:00,Kotowali,0.42,6.89,5.02,90.72,35,39.77,163,Unhealthy
12/19/2024,18:00,Kotowali,0.4,3.82,6.67,39.43,40.37,32.84,113,Unhealthy for Sensitive Groups
12/19/2024,6:00,Bayejid,0.42,12.75,3.27,97.71,57.25,44,181,Unhealthy
12/19/2024,12:00,Bayejid,0.45,13.26,5.08,114.95,97.67,102.68,210,Very Unhealthy
12/19/2024,6:00,Bayejid,0.36,14.4,2.31,109.81,88.58,54.83,205,Very Unhealthy
12/19/2024,0:00,Bayejid,0.33,9.24,6.87,76.76,44.7,18.7,124,Unhealthy for Sensitive Groups
12/19/2024,0:00,New Market,0.38,4.35,6.92,36.12,45.23,48.52,125,Unhealthy for Sensitive Groups
12/19/2024,6:00,New Market,0.39,5.63,7.38,32.75,36.26,38.28,103,Unhealthy for Sensitive Groups
12/19/2024,12:00,New Market,0.44,11.23,8.72,96.53,62.89,70.31,178,Unhealthy
12/19/2024,18:00,New Market,0.33,9.12,5.62,89.36,46.12,32.52,160,Unhealthy
12/20/2024,0:00,Dewanhat,0.58,5.2,15.45,33.12,21.78,35.34,71,Moderate
12/20/2024,6:00,Dewanhat,0.59,6.25,18.34,42.34,28.65,40.12,86,Moderate
12/20/2024,12:00,Dewanhat,0.6,5.45,16.12,30.45,19.78,33.12,67,Moderate
12/20/2024,18:00,Dewanhat,0.61,6.12,26.34,38.15,29.34,41.45,87,Moderate
12/20/2024,0:00,Anderkilla,0.454,7,33,19,49,39,134,Unhealthy for Sensitive Groups
12/20/2024,6:00,Anderkilla,0.321,5,22,46,33,46,95,Moderate
12/20/2024,12:00,Anderkilla,0.41,5,50,16,57,48,152,Unhealthy
12/20/2024,18:00,Anderkilla,0.446,7,26,22,33,47,95,Moderate
12/20/2024,0:00,Kotowali,0.46,8.61,2.26,111.03,65,53.8,206,Very Unhealthy
12/20/2024,6:00,Kotowali,0.37,6.57,5.9,102.38,30.26,33.21,193,Unhealthy
12/20/2024,12:00,Kotowali,0.38,5.54,4.88,103.98,31.1,34.98,197,Unhealthy
12/20/2024,18:00,Kotowali,0.42,6.54,5.73,105.77,32.99,34.34,95,Moderate
12/20/2024,6:00,Bayejid,0.37,10.21,7.96,38.64,76.68,71.77,162,Unhealthy
12/20/2024,12:00,Bayejid,0.47,11.68,6.12,61.69,83.65,78.03,166,Unhealthy
12/20/2024,6:00,Bayejid,0.36,6.42,5.32,82.61,52.05,52.03,142,Unhealthy for Sensitive Groups
12/20/2024,0:00,Bayejid,0.39,7,5.41,40.09,63.05,57.93,155,Unhealthy
12/20/2024,0:00,New Market,0.46,8.52,9.25,46.32,49.25,39.26,135,Unhealthy for Sensitive Groups
12/20/2024,6:00,New Market,0.41,5.23,12.36,38.12,46.23,33.29,127,Unhealthy for Sensitive Groups
12/20/2024,12:00,New Market,0.47,7.28,4.89,49.52,31.56,42,92,Moderate
12/20/2024,18:00,New Market,0.35,11.47,8.2,107.72,47.26,47.57,203,Very Unhealthy
12/21/2024,0:00,Dewanhat,0.62,5.8,22.45,36.34,24.45,38.78,77,Moderate
12/21/2024,6:00,Dewanhat,0.63,6.5,28.45,45.15,34.65,43.89,98,Moderate
12/21/2024,12:00,Dewanhat,0.64,5.9,21.12,33.45,22.78,36.12,73,Moderate
12/21/2024,18:00,Dewanhat,0.65,6.2,24.34,40.12,30.65,41.78,90,Moderate
12/21/2024,0:00,Anderkilla,0.406,6,26,16,30,44,89,Moderate
12/21/2024,6:00,Anderkilla,0.308,7,26,22,19,18,66,Moderate
12/21/2024,12:00,Anderkilla,0.391,6,31,19,40,41,112,Unhealthy for Sensitive Groups
12/21/2024,18:00,Anderkilla,0.428,7,29,26,34,46,97,Moderate
12/21/2024,0:00,Kotowali,0.32,6.65,4.8,103.34,38.7,34.21,196,Unhealthy
12/21/2024,6:00,Kotowali,0.4,2.88,6.54,38.13,42.15,40.88,117,Unhealthy for Sensitive Groups
12/21/2024,12:00,Kotowali,0.29,9.19,7.43,78.36,93.9,99.48,171,Unhealthy
12/21/2024,18:00,Kotowali,0.32,7.89,5.02,90.72,37,39.77,163,Unhealthy
12/21/2024,6:00,Bayejid,0.43,9.47,6.81,32.84,84.09,86.84,166,Unhealthy
12/21/2024,12:00,Bayejid,0.39,4.86,5.68,53.96,120.97,120.27,185,Unhealthy
12/21/2024,6:00,Bayejid,0.29,8.54,3.87,87.11,64.25,38.52,156,Unhealthy
12/21/2024,0:00,Bayejid,0.44,7.7,9.78,58.76,152.34,172.78,203,Very Unhealthy
12/21/2024,0:00,New Market,0.38,6.52,4.8,86.62,35.25,87.35,153,Unhealthy
12/21/2024,6:00,New Market,0.4,5.23,7.63,56.23,46.23,40.26,127,Unhealthy for Sensitive Groups
12/21/2024,12:00,New Market,0.36,6.08,7.45,70.92,76.96,88.33,162,Unhealthy
12/21/2024,18:00,New Market,0.33,6.98,5.02,63.45,42.32,45.25,118,Unhealthy for Sensitive Groups
12/22/2024,0:00,Dewanhat,0.66,5.95,29.12,42.78,33.45,44.12,96,Moderate
12/22/2024,6:00,Dewanhat,0.67,5.45,23.34,38.12,26.78,39.78,82,Moderate
12/22/2024,12:00,Dewanhat,0.68,6,18.45,30.25,20.34,33.45,68,Moderate
12/22/2024,18:00,Dewanhat,0.69,5.25,16.34,28.45,19.78,31.12,67,Moderate
12/22/2024,0:00,Anderkilla,0.21,2,32,14,15,20,57,Moderate
12/22/2024,6:00,Anderkilla,0.229,2,26,15,25,17,78,Moderate
12/22/2024,12:00,Anderkilla,0.241,3,28,52,9,35,48,Good
12/22/2024,18:00,Anderkilla,0.203,3,13,23,8,26,33,Good
12/22/2024,0:00,Kotowali,0.29,3.88,6.9,39.43,40.77,33.87,114,Unhealthy for Sensitive Groups
12/22/2024,6:00,Kotowali,0.32,8.51,2.56,112.5,66.21,53.8,208,Very Unhealthy
12/22/2024,12:00,Kotowali,0.4,6.32,6.3,102.3,30.96,33.21,193,Unhealthy
12/22/2024,18:00,Kotowali,0.37,4.96,9.7,105.76,41.76,47.23,116,Unhealthy for Sensitive Groups
12/22/2024,6:00,Bayejid,0.52,11.31,6.34,53.96,96.83,105.23,172,Unhealthy
12/22/2024,12:00,Bayejid,0.52,10.96,6.08,75.34,81.65,79.3,165,Unhealthy
12/22/2024,6:00,Bayejid,0.38,7.58,5.92,95.05,54.45,61.98,174,Unhealthy
12/22/2024,0:00,Bayejid,0.44,6.63,7.01,83.45,62.33,74.55,155,Unhealthy
12/22/2024,0:00,New Market,0.23,2.47,6.12,66.52,35.31,45.44,100,Moderate
12/22/2024,6:00,New Market,0.32,7.56,3.26,89.32,49.56,52.39,160,Unhealthy
12/22/2024,12:00,New Market,0.34,5.62,6.35,86.25,66.26,59.82,157,Unhealthy
12/22/2024,18:00,New Market,0.35,4.52,5.63,23.45,39.56,45.26,111,Unhealthy for Sensitive Groups
12/23/2024,0:00,Dewanhat,0.3,4.8,22.34,40.12,28.45,37.78,85,Moderate
12/23/2024,6:00,Dewanhat,0.32,5.6,25.12,36.34,31.78,40.89,92,Moderate
12/23/2024,12:00,Dewanhat,0.34,6.1,19.45,38.78,29.12,36.34,87,Moderate
12/23/2024,18:00,Dewanhat,0.36,5.5,21.34,35.45,27.65,38.12,84,Moderate
12/23/2024,0:00,Anderkilla,0.27,3,25,14,19,14,66,Moderate
12/23/2024,6:00,Anderkilla,0.231,3,12,28,11,20,46,Good
12/23/2024,12:00,Anderkilla,0.244,5,18,39,8,28,36,Good
12/23/2024,18:00,Anderkilla,0.273,5,29,32,11,32,46,Good
12/23/2024,0:00,Kotowali,0.27,7.37,3.33,102.38,52.57,45.27,193,Unhealthy
12/23/2024,6:00,Kotowali,0.32,8.52,10.32,44.4,49.06,47.16,134,Unhealthy for Sensitive Groups
12/23/2024,12:00,Kotowali,0.29,7.88,3.55,97.21,57.24,50.94,180,Unhealthy
12/23/2024,18:00,Kotowali,0.4,5.92,8.32,106.32,29.88,31.43,201,Very Unhealthy
12/23/2024,6:00,Bayejid,0.52,10.4,7.58,79.58,82.37,84.21,165,Unhealthy
12/23/2024,12:00,Bayejid,0.41,5.68,6.43,105.93,78.81,95.1,163,Unhealthy
12/23/2024,6:00,Bayejid,0.37,5.43,3.29,86.11,57.72,34.03,152,Unhealthy
12/23/2024,0:00,Bayejid,0.3,5.06,4.51,63.81,54.68,65.67,148,Unhealthy for Sensitive Groups
12/23/2024,0:00,New Market,0.32,5.7,22.12,39.21,29.43,42.43,87,Moderate
12/23/2024,6:00,New Market,0.33,6.01,16.23,15.21,26.32,32.56,81,Moderate
12/23/2024,12:00,New Market,0.29,6.02,18.21,30.26,15.51,40.12,58,Moderate
12/23/2024,18:00,New Market,0.31,4.92,18.21,44.12,32.12,39.21,93,Moderate
12/24/2024,0:00,Dewanhat,0.38,6.25,26.12,42.34,32.45,42.78,94,Moderate
12/24/2024,6:00,Dewanhat,0.4,5.45,18.34,31.45,20.78,34.12,69,Moderate
12/24/2024,12:00,Dewanhat,0.42,6.1,22.45,37.12,29.78,39.67,88,Moderate
12/24/2024,18:00,Dewanhat,0.44,5.75,20.34,33.45,23.65,36.12,75,Moderate
12/24/2024,0:00,Anderkilla,0.333,4,29,12,26,23,80,Moderate
12/24/2024,6:00,Anderkilla,0.338,4,24,14,23,16,74,Moderate
12/24/2024,12:00,Anderkilla,0.258,5,13,35,11,27,46,Good
12/24/2024,18:00,Anderkilla,0.315,6,32,35,10,32,42,Good
12/24/2024,0:00,Kotowali,0.34,8.14,12.09,34.43,46.26,52.14,127,Unhealthy for Sensitive Groups
12/24/2024,6:00,Kotowali,0.38,7.32,12.03,48.19,49.18,36.18,135,Unhealthy for Sensitive Groups
12/24/2024,12:00,Kotowali,0.42,6.15,14.24,30.32,70.64,67.71,159,Unhealthy
12/24/2024,18:00,Kotowali,0.39,4.22,6.18,96.98,41.1,35.33,179,Unhealthy
12/24/2024,6:00,Bayejid,0.42,7.19,12.54,51.36,54.15,37.19,147,Unhealthy for Sensitive Groups
12/24/2024,12:00,Bayejid,0.32,7.41,11.32,50.46,63.35,50.47,155,Unhealthy
12/24/2024,6:00,Bayejid,0.3,7.06,3.27,89.11,55.76,51.08,159,Unhealthy
12/24/2024,0:00,Bayejid,0.39,7.95,9.36,11.82,50.02,48.08,137,Unhealthy for Sensitive Groups
12/24/2024,0:00,New Market,0.32,6.52,9.5,43.26,25.26,36.23,79,Moderate
12/24/2024,6:00,New Market,0.3,3.82,6.6,39.32,40.37,32.84,113,Unhealthy for Sensitive Groups
12/24/2024,12:00,New Market,0.34,5.62,12.36,34.26,46.35,69.23,128,Unhealthy for Sensitive Groups
12/24/2024,18:00,New Market,0.36,4.85,7.2,86.23,42.13,35.45,152,Unhealthy
12/25/2024,0:00,Dewanhat,0.46,6.15,24.12,39.78,30.45,41.34,90,Moderate
12/25/2024,6:00,Dewanhat,0.48,5.9,27.34,43.15,34.12,43.78,97,Moderate
12/25/2024,12:00,Dewanhat,0.5,6.5,23.45,36.12,28.65,40.89,86,Moderate
12/25/2024,18:00,Dewanhat,0.51,5.85,22.78,41.34,30.12,39.45,89,Moderate
12/25/2024,0:00,Anderkilla,0.313,4,26,15,22,26,72,Moderate
12/25/2024,6:00,Anderkilla,0.328,4,32,13,26,28,80,Moderate
12/25/2024,12:00,Anderkilla,0.289,7,13,29,19,27,66,Moderate
12/25/2024,18:00,Anderkilla,0.348,4,32,21,32,24,93,Moderate
12/25/2024,0:00,Kotowali,0.38,7.04,10.35,45.15,70.43,76.44,159,Unhealthy
12/25/2024,6:00,Kotowali,0.29,3.38,6.06,97.6,41.23,35.73,181,Unhealthy
12/25/2024,12:00,Kotowali,0.32,5.41,9.32,100.32,29.88,31.52,188,Unhealthy
12/25/2024,18:00,Kotowali,0.37,9.18,12.98,3.86,46.26,52.14,127,Unhealthy for Sensitive Groups
12/25/2024,6:00,Bayejid,0.44,7.95,11.07,51.94,56.63,64.43,152,Unhealthy
12/25/2024,12:00,Bayejid,0.44,7.99,10.64,45.21,48.79,50.16,134,Unhealthy for Sensitive Groups
12/25/2024,6:00,Bayejid,0.34,5.41,8.43,103.21,42.22,47.91,195,Unhealthy
12/25/2024,0:00,Bayejid,0.41,7.75,8.9,66.48,57.13,61.44,152,Unhealthy
12/25/2024,0:00,New Market,0.33,7.27,7.61,98.11,87.25,49.12,182,Unhealthy
12/25/2024,6:00,New Market,0.35,8.29,5.56,76.28,93.89,46.23,171,Unhealthy
12/25/2024,12:00,New Market,0.36,7.56,4.26,65,89.11,56.26,168,Unhealthy
12/25/2024,18:00,New Market,0.4,5.9,8.45,69.89,61.28,57.86,154,Unhealthy
12/26/2024,0:00,Dewanhat,0.37,5.2,25.34,30.45,34.12,40.78,97,Moderate
12/26/2024,6:00,Dewanhat,0.385,6.1,30.45,28.78,29.34,37.12,87,Moderate
12/26/2024,12:00,Dewanhat,0.41,4.9,22.56,35.67,31.45,39.89,92,Moderate
12/26/2024,18:00,Dewanhat,0.395,5.6,18.78,31.34,27.89,34.78,84,Moderate
12/26/2024,0:00,Anderkilla,0.347,4,32,21,32,24,93,Moderate
12/26/2024,6:00,Anderkilla,0.305,4,26,18,28,30,84,Moderate
12/26/2024,12:00,Anderkilla,0.389,5,33,42,37,28,105,Unhealthy for Sensitive Groups
12/26/2024,18:00,Anderkilla,0.308,4,36,27,26,34,80,Moderate
12/26/2024,0:00,Kotowali,0.32,4.6,5.45,78.9,31.57,41.17,129,Unhealthy for Sensitive Groups
12/26/2024,6:00,Kotowali,0.46,6.45,5.9,102.8,30.6,33.21,194,Unhealthy
12/26/2024,12:00,Kotowali,0.4,6.86,5.02,90.72,36,39.77,163,Unhealthy
12/26/2024,18:00,Kotowali,0.39,6.45,5.9,102.3,30.6,33.21,193,Unhealthy
12/26/2024,6:00,Bayejid,0.4,6.11,14.5,50.99,54.76,46.15,148,Unhealthy for Sensitive Groups
12/26/2024,12:00,Bayejid,0.42,7.19,12.54,51.36,54.15,52.36,147,Unhealthy for Sensitive Groups
12/26/2024,6:00,Bayejid,0.42,7.41,11.34,50.46,63.37,50.47,155,Unhealthy
12/26/2024,0:00,Bayejid,0.32,7.06,3.27,89.11,55.76,51.87,159,Unhealthy
12/26/2024,0:00,New Market,0.38,7.52,5.29,70.56,56.45,49.21,151,Unhealthy
12/26/2024,6:00,New Market,0.39,8.45,7.45,68.54,52.75,56.57,143,Unhealthy for Sensitive Groups
12/26/2024,12:00,New Market,0.36,7.63,6.25,78.75,53.64,61.45,146,Unhealthy for Sensitive Groups
12/26/2024,18:00,New Market,0.37,8.49,7.26,75.56,49.37,71.21,135,Unhealthy for Sensitive Groups
12/27/2024,0:00,Dewanhat,0.4,6.45,26.12,29.45,32.56,38.67,94,Moderate
12/27/2024,6:00,Dewanhat,0.39,5.8,20.67,33.45,26.45,36.78,81,Moderate
12/27/2024,12:00,Dewanhat,0.38,4.75,28.34,40.12,34.89,42.12,99,Moderate
12/27/2024,18:00,Dewanhat,0.42,6,24.12,38.67,30.34,41.45,89,Moderate
12/27/2024,0:00,Anderkilla,0.318,5,26,19,23,27,74,Moderate
12/27/2024,6:00,Anderkilla,0.355,5,24,18,23,31,74,Moderate
12/27/2024,12:00,Anderkilla,0.326,5,19,24,20,29,68,Moderate
12/27/2024,18:00,Anderkilla,0.28,4,23,47,17,29,61,Moderate
12/27/2024,0:00,Kotowali,0.42,3.82,6.6,39.32,40.37,32.84,113,Unhealthy for Sensitive Groups
12/27/2024,6:00,Kotowali,0.4,8.61,2.26,111.2,65,53.8,206,Very Unhealthy
12/27/2024,12:00,Kotowali,0.37,9.19,7.32,77.46,93.9,99.84,171,Unhealthy
12/27/2024,18:00,Kotowali,0.4,2.76,6.35,38.13,42.75,40.8,119,Unhealthy for Sensitive Groups
12/27/2024,6:00,Bayejid,0.42,3.82,6.6,39.32,40.37,32.84,113,Unhealthy for Sensitive Groups
12/27/2024,12:00,Bayejid,0.32,7.06,3.27,89.11,55.76,51.83,159,Unhealthy
12/27/2024,6:00,Bayejid,0.3,4.88,8.21,108.78,26.93,31.12,204,Very Unhealthy
12/27/2024,0:00,Bayejid,0.39,7.96,9.36,11.82,50.02,48.09,137,Unhealthy for Sensitive Groups
12/27/2024,0:00,New Market,0.32,6.23,16,25.12,56.45,86.26,151,Unhealthy
12/27/2024,6:00,New Market,0.37,7.21,24,19,28,53,84,Moderate
12/27/2024,12:00,New Market,0.38,8.2,26,28,30.27,65,89,Moderate
12/27/2024,18:00,New Market,0.385,6.12,29.12,15,24.26,76.25,77,Moderate
12/28/2024,0:00,Dewanhat,0.347,4,32,21,32,24,93,Moderate
12/28/2024,6:00,Dewanhat,0.305,4,26,18,28,30,84,Moderate
12/28/2024,12:00,Dewanhat,0.389,5,33,42,37,28,105,Unhealthy for Sensitive Groups
12/28/2024,18:00,Dewanhat,0.308,4,36,27,26,34,80,Moderate
12/28/2024,0:00,Anderkilla,0.387,4,22,17,28,35,84,Moderate
12/28/2024,6:00,Anderkilla,0.404,4,29,43,20,28,68,Moderate
12/28/2024,12:00,Anderkilla,0.333,5,14,14,40,36,112,Unhealthy for Sensitive Groups
12/28/2024,18:00,Anderkilla,0.466,5,49,27,32,65,93,Moderate
12/28/2024,0:00,Kotowali,0.39,9.15,12.06,34.98,46.26,52.14,127,Unhealthy for Sensitive Groups
12/28/2024,6:00,Kotowali,0.32,6.37,3.33,102.89,48.48,45.47,195,Unhealthy
12/28/2024,12:00,Kotowali,0.4,7.04,10.36,45.13,70.34,76.44,159,Unhealthy
12/28/2024,18:00,Kotowali,0.32,3.57,6.18,99.18,41.18,35.33,185,Unhealthy
12/28/2024,6:00,Bayejid,0.44,7.96,11.07,51.95,56.63,64.43,152,Unhealthy
12/28/2024,12:00,Bayejid,0.44,7.99,10.64,54.21,48.79,50.7,134,Unhealthy for Sensitive Groups
12/28/2024,6:00,Bayejid,0.34,5.41,8.43,103.12,42.22,47.91,195,Unhealthy
12/28/2024,0:00,Bayejid,0.41,7.75,8.9,66.84,57.13,61.48,152,Unhealthy
12/28/2024,0:00,New Market,0.44,5.26,6.35,56.25,42.52,56.21,118,Unhealthy for Sensitive Groups
12/28/2024,6:00,New Market,0.38,6.12,7.25,78.23,36.58,46.56,126,Unhealthy for Sensitive Groups
12/28/2024,12:00,New Market,0.39,5.23,8.12,51.12,45.75,50.12,126,Unhealthy for Sensitive Groups
12/28/2024,18:00,New Market,0.4,6.12,4.23,56.21,49.32,56.26,135,Unhealthy for Sensitive Groups
12/29/2024,0:00,Dewanhat,0.32,4.6,5.45,78.9,31.57,41.17,129,Unhealthy for Sensitive Groups
12/29/2024,6:00,Dewanhat,0.46,6.45,5.9,50.8,30.6,33.21,90,Moderate
12/29/2024,12:00,Dewanhat,0.4,6.86,5.02,90.72,36,39.77,163,Unhealthy
12/29/2024,18:00,Dewanhat,0.39,6.45,5.9,70.3,30.6,33.21,90,Moderate
12/29/2024,0:00,Anderkilla,0.444,5,28,17,42,43,117,Unhealthy for Sensitive Groups
12/29/2024,6:00,Anderkilla,0.426,5,40,13,55,58,149,Unhealthy for Sensitive Groups
12/29/2024,12:00,Anderkilla,0.345,6,14,37,28,41,84,Moderate
12/29/2024,18:00,Anderkilla,0.417,7,37,45,19,48,66,Moderate
12/29/2024,0:00,Kotowali,0.43,7.34,12.03,48.81,48.16,35.16,132,Unhealthy for Sensitive Groups
12/29/2024,6:00,Kotowali,0.4,7.53,10.3,10.17,49.08,47.18,134,Unhealthy for Sensitive Groups
12/29/2024,12:00,Kotowali,0.39,5.31,9.32,106.73,29.88,31.43,202,Very Unhealthy
12/29/2024,18:00,Kotowali,0.42,4.96,9,103.79,41.48,47.23,197,Unhealthy
12/29/2024,6:00,Bayejid,0.38,4.31,8.05,61.53,42.26,45.07,118,Unhealthy for Sensitive Groups
12/29/2024,12:00,Bayejid,0.38,4.37,8.24,50.02,41.26,44.57,115,Unhealthy for Sensitive Groups
12/29/2024,6:00,Bayejid,0.27,2.86,2.5,73.05,55.26,48.09,150,Unhealthy for Sensitive Groups
12/29/2024,0:00,Bayejid,0.31,3.45,6.95,103.4,39.58,41.21,196,Unhealthy
12/29/2024,0:00,New Market,0.336,6,7.25,62.25,37,39,105,Unhealthy for Sensitive Groups
12/29/2024,6:00,New Market,0.36,6.45,7.56,36.78,41,63,115,Unhealthy for Sensitive Groups
12/29/2024,12:00,New Market,0.38,7,8.26,38.26,46.25,68.23,127,Unhealthy for Sensitive Groups
12/29/2024,18:00,New Market,0.4,8,9.62,16.45,28.39,36.44,85,Moderate
12/30/2024,0:00,Dewanhat,0.387,4,22,17,28,35,84,Moderate
12/30/2024,6:00,Dewanhat,0.404,4,29,43,20,28,68,Moderate
12/30/2024,12:00,Dewanhat,0.333,5,14,14,40,36,112,Unhealthy for Sensitive Groups
12/30/2024,18:00,Dewanhat,0.466,5,49,27,32,65,93,Moderate
12/30/2024,0:00,Anderkilla,0.339,5,29,19,41,44,115,Unhealthy for Sensitive Groups
12/30/2024,6:00,Anderkilla,0.383,5,27,21,37,32,105,Unhealthy for Sensitive Groups
12/30/2024,12:00,Anderkilla,0.381,6,24,27,33,42,95,Moderate
12/30/2024,18:00,Anderkilla,0.315,4,42,39,13,37,53,Moderate
12/30/2024,0:00,Kotowali,0.48,6.45,5.9,102.38,30.6,33.21,193,Unhealthy
12/30/2024,6:00,Kotowali,0.4,4.6,5.45,78.8,31.57,41.17,128,Unhealthy for Sensitive Groups
12/30/2024,12:00,Kotowali,0.39,6.13,14.64,30.04,70.64,67.11,159,Unhealthy
12/30/2024,18:00,Kotowali,0.42,7.57,3.58,90.81,54.65,50.95,163,Unhealthy
12/30/2024,6:00,Bayejid,0.46,11.36,7.44,75.6,77.89,84.12,163,Unhealthy
12/30/2024,12:00,Bayejid,0.55,16.8,6.23,59.62,90.42,122.48,169,Unhealthy
12/30/2024,6:00,Bayejid,0.36,10.91,2.31,131.17,79.39,75.37,228,Very Unhealthy
12/30/2024,0:00,Bayejid,0.4,11.15,6.47,123.17,68.88,69.22,219,Very Unhealthy
12/30/2024,0:00,New Market,0.389,9.45,7.56,60.45,56.24,46.26,151,Unhealthy
12/30/2024,6:00,New Market,0.36,5.26,6.23,45.15,42.63,36.45,119,Unhealthy for Sensitive Groups
12/30/2024,12:00,New Market,0.345,4,7.45,46.32,45.56,56.26,126,Unhealthy for Sensitive Groups
12/30/2024,18:00,New Market,0.389,6,8.23,36.92,42.26,46.16,118,Unhealthy for Sensitive Groups
12/31/2024,0:00,Dewanhat,0.39,9.15,12.06,34.98,46.26,52.14,127,Unhealthy for Sensitive Groups
12/31/2024,6:00,Dewanhat,0.32,6.37,3.33,60.89,48.48,45.47,133,Unhealthy for Sensitive Groups
12/31/2024,12:00,Dewanhat,0.4,7.04,10.36,45.13,70.34,76.44,159,Unhealthy
12/31/2024,18:00,Dewanhat,0.32,3.57,6.18,50.18,41.18,35.33,115,Unhealthy for Sensitive Groups
12/31/2024,0:00,Anderkilla,0.389,5,27,23,38,41,107,Unhealthy for Sensitive Groups
12/31/2024,6:00,Anderkilla,0.379,4,24,17,38,37,107,Unhealthy for Sensitive Groups
12/31/2024,12:00,Anderkilla,0.393,5,28,21,47,56,129,Unhealthy for Sensitive Groups
12/31/2024,18:00,Anderkilla,0.311,4,19,45,27,52,82,Moderate
12/31/2024,0:00,Kotowali,0.42,2.76,6.35,38.13,42.67,40.8,119,Unhealthy for Sensitive Groups
12/31/2024,6:00,Kotowali,0.39,3.82,6.6,39.32,40.37,32.85,113,Unhealthy for Sensitive Groups
12/31/2024,12:00,Kotowali,0.29,6.45,5.9,102.38,30.6,33.21,193,Unhealthy
12/31/2024,18:00,Kotowali,0.3,6.86,5.02,90.72,36,39.77,163,Unhealthy
12/31/2024,6:00,Bayejid,0.42,12.57,3.27,97.51,57.48,44,181,Unhealthy
12/31/2024,12:00,Bayejid,0.45,13.26,5.08,114.86,87.67,102.68,210,Very Unhealthy
12/31/2024,6:00,Bayejid,0.36,14.4,2.31,109.81,88.58,54.82,205,Very Unhealthy
12/31/2024,0:00,Bayejid,0.33,9.25,6.87,76.75,44.57,18.7,123,Unhealthy for Sensitive Groups
12/31/2024,0:00,New Market,0.36,6.15,7.26,72.36,42.26,56.26,118,Unhealthy for Sensitive Groups
12/31/2024,6:00,New Market,0.34,7.45,8.26,56.45,36.15,45.63,103,Unhealthy for Sensitive Groups
12/31/2024,12:00,New Market,0.345,8.12,7.56,45.25,39.12,58.23,110,Unhealthy for Sensitive Groups
12/31/2024,18:00,New Market,0.389,6.23,8.49,49.78,36.24,65.23,103,Unhealthy for Sensitive Groups
1/1/2025,0:00,Dewanhat,0.444,5,28,17.98,42,43,117,Unhealthy for Sensitive Groups
1/1/2025,6:00,Dewanhat,0.426,5,40,31.98,55,58,149,Unhealthy for Sensitive Groups
1/1/2025,12:00,Dewanhat,0.345,6,14,37.76,28,41,84,Moderate
1/1/2025,18:00,Dewanhat,0.417,7,37,45.33,19,48,66,Moderate
1/1/2025,0:00,Anderkilla,0.392,5,35,19,35,42,99,Moderate
1/1/2025,6:00,Anderkilla,0.434,5,26,15,26,49,80,Moderate
1/1/2025,12:00,Anderkilla,0.391,6,20,31,50,58,137,Unhealthy for Sensitive Groups
1/1/2025,18:00,Anderkilla,0.334,5,23,37,31,57,91,Moderate
1/1/2025,0:00,Kotowali,0.32,9.19,7.32,77.46,93.9,99.84,171,Unhealthy
1/1/2025,6:00,Kotowali,0.3,8.61,2.26,111.03,65,53.8,206,Very Unhealthy
1/1/2025,12:00,Kotowali,0.49,3.57,6.18,99.98,41.1,35.33,187,Unhealthy
1/1/2025,18:00,Kotowali,0.4,7.06,10.35,45.13,70.83,76.44,159,Unhealthy
1/1/2025,6:00,Bayejid,0.37,10.24,7.95,38.64,78.68,71.77,163,Unhealthy
1/1/2025,12:00,Bayejid,0.47,11.68,6.12,61.69,83.56,78.03,165,Unhealthy
1/1/2025,6:00,Bayejid,0.36,6.42,5.32,82.61,52.05,52.81,142,Unhealthy for Sensitive Groups
1/1/2025,0:00,Bayejid,0.39,7,5.41,40.93,63.36,57.93,155,Unhealthy
1/1/2025,0:00,New Market,0.41,8.22,18.25,72.68,57.28,96.14,152,Unhealthy
1/1/2025,6:00,New Market,0.39,9.72,25.56,22.98,42.87,92.28,119,Unhealthy for Sensitive Groups
1/1/2025,12:00,New Market,0.38,4.93,31.56,91.63,88.64,81.21,168,Unhealthy
1/1/2025,18:00,New Market,0.37,5.92,5.15,74.52,55.85,89.52,151,Unhealthy
1/2/2025,0:00,Dewanhat,0.43,7.34,12.03,48.81,48.16,35.16,132,Unhealthy for Sensitive Groups
1/2/2025,6:00,Dewanhat,0.4,7.53,10.3,44.17,49.08,47.18,134,Unhealthy for Sensitive Groups
1/2/2025,12:00,Dewanhat,0.39,5.31,9.32,50.73,29.88,31.43,88,Moderate
1/2/2025,18:00,Dewanhat,0.42,4.96,9,60.79,41.48,47.23,116,Unhealthy for Sensitive Groups
1/2/2025,0:00,Anderkilla,0.463,4,39,18,40,43,112,Unhealthy for Sensitive Groups
1/2/2025,6:00,Anderkilla,0.439,4,37,19,64,79,155,Unhealthy
1/2/2025,12:00,Anderkilla,0.411,6,23,37,53,53,144,Unhealthy for Sensitive Groups
1/2/2025,18:00,Anderkilla,0.406,5,57,23,27,46,82,Moderate
1/2/2025,0:00,Kotowali,0.39,4.6,5.45,78.8,31.57,41.17,128,Unhealthy for Sensitive Groups
1/2/2025,6:00,Kotowali,0.42,6.45,5.9,102.3,30.6,33.21,193,Unhealthy
1/2/2025,12:00,Kotowali,0.36,6.86,5.02,90.72,35,39.77,163,Unhealthy
1/2/2025,18:00,Kotowali,0.4,6.45,5.9,102.3,30.6,33.21,193,Unhealthy
1/2/2025,6:00,Bayejid,0.42,7.18,12.54,51.36,54.15,52.36,147,Unhealthy for Sensitive Groups
1/2/2025,12:00,Bayejid,0.42,7.41,11.23,50.47,63.25,50.47,155,Unhealthy
1/2/2025,6:00,Bayejid,0.32,7.06,3.27,89.11,51.83,55.76,159,Unhealthy
1/2/2025,0:00,Bayejid,0.3,4.88,8.21,108.8,26.92,32.11,204,Very Unhealthy
1/2/2025,0:00,New Market,0.385,9.66,31,77,56,85.94,151,Unhealthy
1/2/2025,6:00,New Market,0.37,8.37,29.6,63.26,49.23,71.23,135,Unhealthy for Sensitive Groups
1/2/2025,12:00,New Market,0.39,9.86,24.21,52.63,52.29,75.63,142,Unhealthy for Sensitive Groups
1/2/2025,18:00,New Market,0.4,3.64,27.42,55.24,45.23,80.24,125,Unhealthy for Sensitive Groups
1/3/2025,0:00,Dewanhat,0.339,5,29,19,41,44,115,Unhealthy for Sensitive Groups
1/3/2025,6:00,Dewanhat,0.383,5,27,21,37,32,105,Unhealthy for Sensitive Groups
1/3/2025,12:00,Dewanhat,0.381,6,24,27,33,42,95,Moderate
1/3/2025,18:00,Dewanhat,0.315,4,42,39,13,37,53,Moderate
1/3/2025,0:00,Anderkilla,0.456,4,22,17,37,40,105,Unhealthy for Sensitive Groups
1/3/2025,6:00,Anderkilla,0.422,4,31,20,50,67,137,Unhealthy for Sensitive Groups
1/3/2025,12:00,Anderkilla,0.37,4,21,30,41,55,115,Unhealthy for Sensitive Groups
1/3/2025,18:00,Anderkilla,0.435,5,48,26,30,64,89,Moderate
1/3/2025,0:00,Kotowali,0.46,8.61,2.26,111.03,65,53.8,206,Very Unhealthy
1/3/2025,6:00,Kotowali,0.32,9.19,7.32,77.46,93.9,99.84,171,Unhealthy
1/3/2025,12:00,Kotowali,0.37,2.76,6.35,38.13,42.67,40.8,119,Unhealthy for Sensitive Groups
1/3/2025,18:00,Kotowali,0.4,3.82,6.6,39.32,40.37,32.84,113,Unhealthy for Sensitive Groups
1/3/2025,6:00,Bayejid,0.39,7.95,9.37,11.82,50.02,48.08,137,Unhealthy for Sensitive Groups
1/3/2025,12:00,Bayejid,0.44,7.96,11.07,51.93,64.83,54.63,156,Unhealthy
1/3/2025,6:00,Bayejid,0.44,7.99,10.64,45.21,48.79,50.6,134,Unhealthy for Sensitive Groups
1/3/2025,0:00,Bayejid,0.34,5.41,8.43,103.12,42.22,47.91,195,Unhealthy
1/3/2025,0:00,New Market,0.38,4.52,7.2,36.21,49.56,56.23,136,Unhealthy for Sensitive Groups
1/3/2025,6:00,New Market,0.39,4.25,10.25,30.25,52.36,59.24,143,Unhealthy for Sensitive Groups
1/3/2025,12:00,New Market,0.4,5.63,9.65,35.54,36.24,45.89,103,Unhealthy for Sensitive Groups
1/3/2025,18:00,New Market,0.42,6.45,8.23,36.25,39.56,49.15,111,Unhealthy for Sensitive Groups
1/4/2025,0:00,Dewanhat,0.48,6.45,5.9,55,30.6,33.21,90,Moderate
1/4/2025,6:00,Dewanhat,0.4,4.6,5.45,36,31.57,41.17,92,Moderate
1/4/2025,12:00,Dewanhat,0.39,6.13,14.64,30,70.64,67.11,159,Unhealthy
1/4/2025,18:00,Dewanhat,0.42,7.57,3.58,46,54.65,50.95,148,Unhealthy for Sensitive Groups
1/4/2025,0:00,Anderkilla,0.452,5,38,13,41,48,115,Unhealthy for Sensitive Groups
1/4/2025,6:00,Anderkilla,0.435,5,29,16,29,57,87,Moderate
1/4/2025,12:00,Anderkilla,0.458,4,29,42,48,43,132,Unhealthy for Sensitive Groups
1/4/2025,18:00,Anderkilla,0.345,4,51,35,19,50,66,Moderate
1/4/2025,0:00,Kotowali,0.29,9.19,12.08,34.98,46.26,52.14,127,Unhealthy for Sensitive Groups
1/4/2025,6:00,Kotowali,0.32,6.37,3.33,102.33,48.48,45.17,193,Unhealthy
1/4/2025,12:00,Kotowali,0.39,7.04,10.36,45.13,70.83,76.44,159,Unhealthy
1/4/2025,18:00,Kotowali,0.39,3.57,6.18,99.98,41.1,35.33,187,Unhealthy
1/4/2025,6:00,Bayejid,0.41,7.75,8.9,66.84,57.13,61.84,152,Unhealthy
1/4/2025,12:00,Bayejid,0.38,4.31,8.05,61.51,42.26,45.07,118,Unhealthy for Sensitive Groups
1/4/2025,6:00,Bayejid,0.38,4.37,8.24,50.2,41.62,44.57,116,Unhealthy for Sensitive Groups
1/4/2025,0:00,Bayejid,0.27,2.86,2.5,73.05,55.27,48.07,150,Unhealthy for Sensitive Groups
1/4/2025,0:00,New Market,0.39,8.62,26.3,45,55,71.26,149,Unhealthy for Sensitive Groups
1/4/2025,6:00,New Market,0.385,9.89,26,24,58.39,85,152,Unhealthy
1/4/2025,12:00,New Market,0.36,6,11,32,47.9,72,132,Unhealthy for Sensitive Groups
1/4/2025,18:00,New Market,0.38,7.39,18,33,38,75,107,Unhealthy for Sensitive Groups
1/5/2025,0:00,Dewanhat,0.392,5,35,19,35,42,99,Moderate
1/5/2025,6:00,Dewanhat,0.434,5,26,15,26,49,80,Moderate
1/5/2025,12:00,Dewanhat,0.391,6,20,31,50,58,137,Unhealthy for Sensitive Groups
1/5/2025,18:00,Dewanhat,0.334,5,23,37,31,57,91,Moderate
1/5/2025,0:00,Anderkilla,0.391,5,31,19,39,49,110,Unhealthy for Sensitive Groups
1/5/2025,6:00,Anderkilla,0.426,4,37,20,65,73,156,Unhealthy
1/5/2025,12:00,Anderkilla,0.398,6,17,32,40,57,112,Unhealthy for Sensitive Groups
1/5/2025,18:00,Anderkilla,0.351,5,22,35,25,38,78,Moderate
1/5/2025,0:00,Kotowali,0.29,7.23,12.03,48.81,48.17,35.14,132,Unhealthy for Sensitive Groups
1/5/2025,6:00,Kotowali,0.32,7.52,10.3,10.17,49.08,47.13,134,Unhealthy for Sensitive Groups
1/5/2025,12:00,Kotowali,0.36,5.31,9.32,106.37,29.88,31.43,201,Very Unhealthy
1/5/2025,18:00,Kotowali,0.38,4.98,9.3,103.79,41.48,47.23,197,Unhealthy
1/5/2025,6:00,Bayejid,0.31,3.45,6.95,103.04,39.85,41.21,195,Unhealthy
1/5/2025,12:00,Bayejid,0.46,11.36,7.44,75.63,77.81,84.12,163,Unhealthy
1/5/2025,6:00,Bayejid,0.55,16.08,6.23,59.73,90.42,122.48,169,Unhealthy
1/5/2025,0:00,Bayejid,0.36,10.91,2.31,131.17,79.37,75.37,228,Very Unhealthy
1/5/2025,0:00,New Market,0.32,7,17,32,73.75,89.21,160,Unhealthy
1/5/2025,6:00,New Market,0.31,8.61,15.25,38,41.2,90.12,115,Unhealthy for Sensitive Groups
1/5/2025,12:00,New Market,0.35,5.2,12.45,48.54,56.1,89.21,151,Unhealthy
1/5/2025,18:00,New Market,0.33,6.23,18.5,56.25,63.25,63.25,155,Unhealthy
1/6/2025,0:00,Dewanhat,0.32,9.19,7.32,23,93.9,99.84,171,Unhealthy
1/6/2025,6:00,Dewanhat,0.3,8.61,2.26,55,65,53.8,156,Unhealthy
1/6/2025,12:00,Dewanhat,0.49,3.57,6.18,34,41.1,35.33,115,Unhealthy for Sensitive Groups
1/6/2025,18:00,Dewanhat,0.4,7.06,10.35,56,70.83,76.44,159,Unhealthy
1/6/2025,0:00,Anderkilla,0.411,3,44,13,34,33,97,Moderate
1/6/2025,6:00,Anderkilla,0.389,3,33,20,16,59,59,Moderate
1/6/2025,12:00,Anderkilla,0.411,3,25,41,57,40,152,Unhealthy
1/6/2025,18:00,Anderkilla,0.354,3,42,19,33,36,95,Moderate
1/6/2025,0:00,Kotowali,0.39,6.45,5.72,102.38,30.6,33.21,193,Unhealthy
1/6/2025,6:00,Kotowali,0.42,6.86,5.02,90.72,35,39.77,163,Unhealthy
1/6/2025,12:00,Kotowali,0.36,6.45,5.8,102.3,30.6,33.21,193,Unhealthy
1/6/2025,18:00,Kotowali,0.42,4.7,5.45,78.8,31.57,41.17,128,Unhealthy for Sensitive Groups
1/6/2025,6:00,Bayejid,0.4,11.15,6.47,123.17,68.88,69.22,219,Very Unhealthy
1/6/2025,12:00,Bayejid,0.42,12.93,3.53,97.97,57.88,44,182,Unhealthy
1/6/2025,6:00,Bayejid,0.45,13.22,5.08,114.95,87.67,102.68,210,Very Unhealthy
1/6/2025,0:00,Bayejid,0.36,14.4,2.31,109.21,88.58,54.82,204,Very Unhealthy
1/6/2025,0:00,New Market,0.385,3.65,8.9,77.38,47.32,107.98,130,Unhealthy for Sensitive Groups
1/6/2025,6:00,New Market,0.388,9.79,7.3,45.23,66.76,69.26,157,Unhealthy
1/6/2025,12:00,New Market,0.36,7.35,5.4,50.23,34.91,56.12,99,Moderate
1/6/2025,18:00,New Market,0.365,6.27,3.7,61.23,62.12,45.15,154,Unhealthy
1/7/2025,0:00,Dewanhat,0.42,4,42,33,30,43,89,Moderate
1/7/2025,6:00,Dewanhat,0.4,5,55,23,43,66,119,Unhealthy for Sensitive Groups
1/7/2025,12:00,Dewanhat,0.324,6,62,30,33,57,95,Moderate
1/7/2025,18:00,Dewanhat,0.39,4,23,33,34,62,97,Moderate
1/7/2025,0:00,Anderkilla,0.356,3,41,13,37,41,105,Unhealthy for Sensitive Groups
1/7/2025,6:00,Anderkilla,0.367,3,36,16,42,44,117,Unhealthy for Sensitive Groups
1/7/2025,12:00,Anderkilla,0.276,5,16,31,27,32,82,Moderate
1/7/2025,18:00,Anderkilla,0.306,3,44,20,27,41,82,Moderate
1/7/2025,0:00,Kotowali,0.29,8.61,2.26,111.03,65,53.8,206,Very Unhealthy
1/7/2025,6:00,Kotowali,0.27,9.19,7.32,77.46,93.9,99.84,171,Unhealthy
1/7/2025,12:00,Kotowali,0.26,2.76,6.35,38.13,42.67,40.48,119,Unhealthy for Sensitive Groups
1/7/2025,18:00,Kotowali,0.3,3.82,6.6,39.32,40.37,32.84,113,Unhealthy for Sensitive Groups
1/7/2025,6:00,Bayejid,0.33,9.23,6.82,76.53,44.57,18.7,123,Unhealthy for Sensitive Groups
1/7/2025,12:00,Bayejid,0.37,10.24,7.95,38.64,78.68,71.77,163,Unhealthy
1/7/2025,6:00,Bayejid,0.47,11.68,6.12,61.69,83.56,78.08,165,Unhealthy
1/7/2025,0:00,Bayejid,0.36,6.42,5.32,82.27,52.05,52.81,142,Unhealthy for Sensitive Groups
1/7/2025,0:00,New Market,0.33,9.97,6.56,52.53,48.36,79.12,133,Unhealthy for Sensitive Groups
1/7/2025,6:00,New Market,0.35,5.63,5.26,89.16,62.77,81.26,159,Unhealthy
1/7/2025,12:00,New Market,0.36,8.24,12,36,15,45.26,57,Moderate
1/7/2025,18:00,New Market,0.287,3.25,11.26,61.32,49.25,49.12,135,Unhealthy for Sensitive Groups
1/8/2025,0:00,Dewanhat,0.31,5.5,12,35.67,13.4,38.25,54,Moderate
1/8/2025,6:00,Dewanhat,0.295,6.1,8,40.23,10.75,27.5,45,Good
1/8/2025,12:00,Dewanhat,0.28,6.25,24,45.32,9.6,24.3,42,Good
1/8/2025,18:00,Dewanhat,0.315,5.2,20,50.14,11.2,33.4,47,Good
1/8/2025,0:00,Anderkilla,0.287,4,29,19,33,39,95,Moderate
1/8/2025,6:00,Anderkilla,0.296,4,39,22,37,41,105,Unhealthy for Sensitive Groups
1/8/2025,12:00,Anderkilla,0.302,7,17,31,39,45,110,Unhealthy for Sensitive Groups
1/8/2025,18:00,Anderkilla,0.35,7,48,38,30,66,89,Moderate
1/8/2025,0:00,Kotowali,0.42,6.37,3.33,102.89,48.48,45.57,195,Unhealthy
1/8/2025,6:00,Kotowali,0.4,7.04,10.35,45.13,70.83,76.44,159,Unhealthy
1/8/2025,12:00,Kotowali,0.36,3.57,6.18,99.98,41.1,35.33,187,Unhealthy
1/8/2025,18:00,Kotowali,0.39,8.61,2.26,112.12,65,53.8,207,Very Unhealthy
1/8/2025,6:00,Bayejid,0.39,7,5.41,40.09,63.36,57.93,155,Unhealthy
1/8/2025,12:00,Bayejid,0.43,9.47,6.81,32.84,84.09,86.44,166,Unhealthy
1/8/2025,6:00,Bayejid,0.39,4.86,5.86,53.96,120.97,120.27,185,Unhealthy
1/8/2025,0:00,Bayejid,0.29,8.54,3.87,87.11,35,38.93,154,Unhealthy
1/8/2025,0:00,New Market,0.364,4.83,5.62,38.15,39,52.34,110,Unhealthy for Sensitive Groups
1/8/2025,6:00,New Market,0.34,5.63,10,28,21,36,70,Moderate
1/8/2025,12:00,New Market,0.36,6,18,48.21,49,68,134,Unhealthy for Sensitive Groups
1/8/2025,18:00,New Market,0.342,6.13,32,52,32,68,93,Moderate
1/9/2025,0:00,Dewanhat,0.34,4.85,18,28.75,16.2,36.9,60,Moderate
1/9/2025,6:00,Dewanhat,0.33,5.45,10,26,14.5,33.5,56,Moderate
1/9/2025,12:00,Dewanhat,0.305,6,26,42.7,12.4,28,52,Moderate
1/9/2025,18:00,Dewanhat,0.38,5.65,15,47.85,13.9,40.2,55,Moderate
1/9/2025,0:00,Anderkilla,0.467,7,26,23,49,65,134,Unhealthy for Sensitive Groups
1/9/2025,6:00,Anderkilla,0.459,7,29,25,53,76,144,Unhealthy for Sensitive Groups
1/9/2025,12:00,Anderkilla,0.389,7,23,39,43,41,119,Unhealthy for Sensitive Groups
1/9/2025,18:00,Anderkilla,0.342,6,30,50,30,64,89,Moderate
1/9/2025,0:00,Kotowali,0.39,7.52,10.3,10.17,49.08,47.16,134,Unhealthy for Sensitive Groups
1/9/2025,6:00,Kotowali,0.42,5.31,9.32,106.73,29.88,31.43,202,Very Unhealthy
1/9/2025,12:00,Kotowali,0.43,4.96,9.32,103.79,41.48,47.23,197,Unhealthy
1/9/2025,18:00,Kotowali,0.28,9.15,12.08,34.98,46.26,52.14,127,Unhealthy for Sensitive Groups
1/9/2025,6:00,Bayejid,0.44,7.7,9.78,58.76,152.34,172.78,203,Very Unhealthy
1/9/2025,12:00,Bayejid,0.52,11.31,6.34,53.96,96.27,105.84,172,Unhealthy
1/9/2025,6:00,Bayejid,0.52,10.96,6.08,75.43,81.43,79.43,164,Unhealthy
1/9/2025,0:00,Bayejid,0.38,7.58,5.92,95.04,54.44,61.98,174,Unhealthy
1/9/2025,0:00,New Market,0.3,6.65,6.12,89.35,32.12,38.92,160,Unhealthy
1/9/2025,6:00,New Market,0.325,4.89,5.49,80.25,35.29,36.26,133,Unhealthy for Sensitive Groups
1/9/2025,12:00,New Market,0.32,5.63,16.27,31.02,72.86,69.56,160,Unhealthy
1/9/2025,18:00,New Market,0.385,7.02,4.58,82.15,56.56,59.45,152,Unhealthy
1/10/2025,0:00,Dewanhat,0.39,6.25,19.5,80.43,39.2,46.5,134,Unhealthy for Sensitive Groups
1/10/2025,6:00,Dewanhat,0.37,6.55,7.8,95.23,44.8,52.3,175,Unhealthy
1/10/2025,12:00,Dewanhat,0.36,7.2,6.2,85.45,48.6,50.1,133,Unhealthy for Sensitive Groups
1/10/2025,18:00,Dewanhat,0.4,5.95,8.5,100.75,25.2,47.8,189,Unhealthy
1/10/2025,0:00,Anderkilla,0.435,5,11,35,33,72,95,Moderate
1/10/2025,6:00,Anderkilla,0.45,5,10,35,50,84,137,Unhealthy for Sensitive Groups
1/10/2025,12:00,Anderkilla,0.341,6,11,78,32,70,126,Unhealthy for Sensitive Groups
1/10/2025,18:00,Anderkilla,0.462,5,17,34,34,74,97,Moderate
1/10/2025,0:00,Kotowali,0.29,6.45,5.9,102.38,30.6,33.21,193,Unhealthy
1/10/2025,6:00,Kotowali,0.32,4.6,5.45,78.8,31.57,41.18,128,Unhealthy for Sensitive Groups
1/10/2025,12:00,Kotowali,0.36,6.13,14.67,30.04,70.64,67.71,159,Unhealthy
1/10/2025,18:00,Kotowali,0.38,7.57,3.58,90.81,54.65,50.95,163,Unhealthy
1/10/2025,6:00,Bayejid,0.44,6.63,7.01,83.56,62.56,74.56,155,Unhealthy
1/10/2025,12:00,Bayejid,0.52,10.4,7.58,79.43,82.2,84.32,165,Unhealthy
1/10/2025,6:00,Bayejid,0.41,5.68,6.86,105.93,78.81,95.1,163,Unhealthy
1/10/2025,0:00,Bayejid,0.37,5.43,3.27,86.11,57.74,34.04,152,Unhealthy
1/10/2025,0:00,New Market,0.325,4.89,5.56,82.15,32.72,42.23,140,Unhealthy for Sensitive Groups
1/10/2025,6:00,New Market,0.32,4.63,5.59,75.26,32.76,46.89,116,Unhealthy for Sensitive Groups
1/10/2025,12:00,New Market,0.41,6.83,5.03,90.73,36,39.56,163,Unhealthy
1/10/2025,18:00,New Market,0.29,6.56,5.63,98.23,30.25,36.12,183,Unhealthy
1/11/2025,0:00,Dewanhat,0.525,10.5,7.2,88.12,90.7,40,169,Unhealthy
1/11/2025,6:00,Dewanhat,0.51,11.2,6.9,60.85,140.5,170.75,195,Unhealthy
1/11/2025,12:00,Dewanhat,0.45,7.9,10.2,55.8,70.4,108,159,Unhealthy
1/11/2025,18:00,Dewanhat,0.3,8.25,4.2,78.5,85.2,81.5,166,Unhealthy
1/11/2025,0:00,Anderkilla,0.471,5,14,30,38,76,107,Unhealthy for Sensitive Groups
1/11/2025,6:00,Anderkilla,0.425,4,10,23,35,60,99,Moderate
1/11/2025,12:00,Anderkilla,0.3,5,14,30,38,76,107,Unhealthy for Sensitive Groups
1/11/2025,18:00,Anderkilla,0.395,5,18,51,19,55,66,Moderate
1/11/2025,0:00,Kotowali,0.32,4.6,5.45,78.8,31.75,41.17,128,Unhealthy for Sensitive Groups
1/11/2025,6:00,Kotowali,0.4,6.45,5.9,102.38,30.6,33.21,193,Unhealthy
1/11/2025,12:00,Kotowali,0.42,6.86,5.03,90.72,35,39.77,163,Unhealthy
1/11/2025,18:00,Kotowali,0.28,6.45,5.9,102.3,30.6,33.21,193,Unhealthy
1/11/2025,6:00,Bayejid,0.3,5.06,4.51,63.81,54.61,65.67,148,Unhealthy for Sensitive Groups
1/11/2025,12:00,Bayejid,0.27,7.56,5.53,112.9,32.29,42.56,208,Very Unhealthy
1/11/2025,6:00,Bayejid,0.4,6.11,14.97,50.99,54.32,46.97,147,Unhealthy for Sensitive Groups
1/11/2025,0:00,Bayejid,0.42,7.19,12.54,51.36,54.16,52.12,147,Unhealthy for Sensitive Groups
1/11/2025,0:00,New Market,0.4,8.67,3.12,110.24,32.15,53.26,205,Very Unhealthy
1/11/2025,6:00,New Market,0.263,9.15,7.26,78.56,95.89,59.26,172,Unhealthy
1/11/2025,12:00,New Market,0.32,3.46,7.36,38.18,42.89,42.56,119,Unhealthy for Sensitive Groups
1/11/2025,18:00,New Market,0.3,4.12,6.96,40.15,43.56,36.15,121,Unhealthy for Sensitive Groups
1/12/2025,0:00,Dewanhat,0.385,6.7,11,69.5,65.7,70.2,156,Unhealthy
1/12/2025,6:00,Dewanhat,0.37,6.9,4.1,95.8,58,48.5,176,Unhealthy
1/12/2025,12:00,Dewanhat,0.35,7.65,5,63.5,55.4,48,150,Unhealthy for Sensitive Groups
1/12/2025,18:00,Dewanhat,0.32,5.8,10.5,100.1,38.2,50,187,Unhealthy
1/12/2025,0:00,Anderkilla,0.371,5,16,37,37,56,105,Unhealthy for Sensitive Groups
1/12/2025,6:00,Anderkilla,0.443,6,21,33,29,58,87,Moderate
1/12/2025,12:00,Anderkilla,0.304,4,8,35,35,27,99,Moderate
1/12/2025,18:00,Anderkilla,0.268,5,8,68,23,51,93,Moderate
1/12/2025,0:00,Kotowali,0.39,8.61,2.26,111.98,65,53.84,207,Very Unhealthy
1/12/2025,6:00,Kotowali,0.26,9.19,7.32,77.46,93.9,99.84,171,Unhealthy
1/12/2025,12:00,Kotowali,0.27,2.76,6.35,38.18,42.67,40.8,119,Unhealthy for Sensitive Groups
1/12/2025,18:00,Kotowali,0.3,3.82,6.6,39.32,40.37,32.84,113,Unhealthy for Sensitive Groups
1/12/2025,6:00,Bayejid,0.42,7.76,12.97,52.63,53.98,53.87,147,Unhealthy for Sensitive Groups
1/12/2025,12:00,Bayejid,0.32,7.09,3.27,89.11,55.76,51.97,159,Unhealthy
1/12/2025,6:00,Bayejid,0.3,4.88,8.31,109.21,26.92,32.11,204,Very Unhealthy
1/12/2025,0:00,Bayejid,0.39,7.97,9.36,11.82,50.02,48.18,137,Unhealthy for Sensitive Groups
1/12/2025,0:00,New Market,0.4,7.09,4.12,95.15,46.15,48.16,175,Unhealthy
1/12/2025,6:00,New Market,0.43,7.26,15.26,46.56,72.26,78.46,160,Unhealthy
1/12/2025,12:00,New Market,0.41,4.23,6.13,99.59,43.26,39.46,186,Unhealthy
1/12/2025,18:00,New Market,0.425,8.97,3.25,108.15,65.56,56.34,203,Very Unhealthy
1/13/2025,0:00,Dewanhat,0.345,5.5,20,32.2,18.4,43.5,64,Moderate
1/13/2025,6:00,Dewanhat,0.275,3.5,12,36,10.2,35.8,42,Good
1/13/2025,12:00,Dewanhat,0.325,4.2,25,45.5,15.3,32.7,58,Moderate
1/13/2025,18:00,Dewanhat,0.31,6.4,30,35.7,13.8,41,55,Moderate
1/13/2025,0:00,Anderkilla,0.381,7,16,31,23,51,74,Moderate
1/13/2025,6:00,Anderkilla,0.387,5,13,36,28,54,84,Moderate
1/13/2025,12:00,Anderkilla,0.343,6,17,77,39,68,122,Unhealthy for Sensitive Groups
1/13/2025,18:00,Anderkilla,0.376,5,23,34,22,58,72,Moderate
1/13/2025,0:00,Kotowali,0.39,6.37,3.33,102.89,48.48,45.47,195,Unhealthy
1/13/2025,6:00,Kotowali,0.4,7.04,10.35,45.37,70.35,76.44,159,Unhealthy
1/13/2025,12:00,Kotowali,0.4,3.57,6.18,99.98,41.1,35.36,187,Unhealthy
1/13/2025,18:00,Kotowali,0.42,8.61,2.26,110.3,66,54.6,206,Very Unhealthy
1/13/2025,6:00,Bayejid,0.44,7.98,11.98,51.87,64.65,56.63,156,Unhealthy
1/13/2025,12:00,Bayejid,0.44,7.99,10.77,45.21,48.07,50.07,132,Unhealthy for Sensitive Groups
1/13/2025,6:00,Bayejid,0.34,5.81,8.43,103.21,42.22,47.91,195,Unhealthy
1/13/2025,0:00,Bayejid,0.41,7.76,8.9,66.85,57.17,61.84,152,Unhealthy
1/13/2025,0:00,New Market,0.345,5.69,18,36,11,36,46,Good
1/13/2025,6:00,New Market,0.28,4,18,38,11.26,36.26,47,Good
1/13/2025,12:00,New Market,0.35,6,15.26,36.26,29.4,56,87,Moderate
1/13/2025,18:00,New Market,0.378,5,26,36,22.26,59.16,72,Moderate
1/14/2025,0:00,Dewanhat,0.295,5.75,11,36.8,12.6,30.1,52,Moderate
1/14/2025,6:00,Dewanhat,0.32,6.15,14,39.25,15.8,33.9,59,Moderate
1/14/2025,12:00,Dewanhat,0.31,6,22,44.1,13.2,32.7,53,Moderate
1/14/2025,18:00,Dewanhat,0.345,5.8,18,29,17.4,36.2,62,Moderate
1/14/2025,0:00,Anderkilla,0.405,5,20,29,23,53,74,Moderate
1/14/2025,6:00,Anderkilla,0.425,6,12,24,30,48,89,Moderate
1/14/2025,12:00,Anderkilla,0.421,6,24,39,56,39,151,Unhealthy
1/14/2025,18:00,Anderkilla,0.359,7,20,66,25,69,87,Moderate
1/14/2025,0:00,Kotowali,0.29,7.52,10.3,10.18,49.07,47.16,134,Unhealthy for Sensitive Groups
1/14/2025,6:00,Kotowali,0.36,5.31,9.32,106.73,29.88,31.43,202,Very Unhealthy
1/14/2025,12:00,Kotowali,0.4,4.96,9,103.79,41.18,47.23,197,Unhealthy
1/14/2025,18:00,Kotowali,0.39,9.15,12.08,34.98,46.26,52.14,127,Unhealthy for Sensitive Groups
1/14/2025,6:00,Bayejid,0.38,4.31,8.05,61.57,42.26,45.07,118,Unhealthy for Sensitive Groups
1/14/2025,12:00,Bayejid,0.38,4.37,8.25,50.02,41.26,44.57,115,Unhealthy for Sensitive Groups
1/14/2025,6:00,Bayejid,0.27,2.86,2.5,73.06,55.26,48.08,150,Unhealthy for Sensitive Groups
1/14/2025,0:00,Bayejid,0.31,3.96,6.95,103.04,39.84,41.12,195,Unhealthy
1/14/2025,0:00,New Market,0.26,4.39,6.29,85.46,35.29,42.28,100,Moderate
1/14/2025,6:00,New Market,0.31,6.16,14.68,30.48,72.26,68.26,160,Unhealthy
1/14/2025,12:00,New Market,0.33,6.89,4.15,90.26,54.28,52.89,162,Unhealthy
1/14/2025,18:00,New Market,0.3,8.29,11.16,52.26,53.15,36.15,144,Unhealthy for Sensitive Groups
1/15/2025,0:00,Dewanhat,0.33,5.9,15,31.8,14.5,34,56,Moderate
1/15/2025,6:00,Dewanhat,0.36,6.2,26,48.5,18,37.5,63,Moderate
1/15/2025,12:00,Dewanhat,0.4,6.5,8,102.3,50.4,55.2,193,Unhealthy
1/15/2025,18:00,Dewanhat,0.385,6.7,12.5,97.4,42.7,50,180,Unhealthy
1/15/2025,0:00,Anderkilla,0.431,5,12,38,30,67,89,Moderate
1/15/2025,6:00,Anderkilla,0.415,6,10,36,27,57,82,Moderate
1/15/2025,12:00,Anderkilla,0.376,6,8,48,27,53,82,Moderate
1/15/2025,18:00,Anderkilla,0.341,6,16,50,24,51,76,Moderate
1/15/2025,0:00,Kotowali,0.24,4.3,6.23,84.32,31.23,41.17,148,Unhealthy for Sensitive Groups
1/15/2025,6:00,Kotowali,0.3,6.13,14.67,30.04,70.64,67.71,159,Unhealthy
1/15/2025,12:00,Kotowali,0.32,7.57,3.59,90.81,54.65,50.97,163,Unhealthy
1/15/2025,18:00,Kotowali,0.3,7.23,12.1,48.83,48.17,35.14,132,Unhealthy for Sensitive Groups
1/15/2025,6:00,Bayejid,0.47,11.93,7.97,75.04,77.89,83.92,163,Unhealthy
1/15/2025,12:00,Bayejid,0.55,16.08,6.23,59.73,90.77,122.98,169,Unhealthy
1/15/2025,6:00,Bayejid,0.36,10.91,2.31,131.17,79.37,75.37,228,Very Unhealthy
1/15/2025,0:00,Bayejid,0.4,11.15,6.47,123.17,68.88,69.27,219,Very Unhealthy
1/15/2025,0:00,New Market,0.42,7.52,12.16,92.72,28.26,39.26,168,Unhealthy
1/15/2025,6:00,New Market,0.45,6.19,6.12,103.15,32.15,43.15,195,Unhealthy
1/15/2025,12:00,New Market,0.3,4.68,6.15,79.56,36,46.15,131,Unhealthy for Sensitive Groups
1/15/2025,18:00,New Market,0.32,5.63,19.26,59.26,30.15,46.15,89,Moderate
1/16/2025,0:00,Dewanhat,0.37,7,10,89.5,48.2,52.4,160,Unhealthy
1/16/2025,6:00,Dewanhat,0.425,6.8,9.5,94.3,45.8,53.1,172,Unhealthy
1/16/2025,12:00,Dewanhat,0.51,11.5,6.7,62.1,135.2,165.5,192,Unhealthy
1/16/2025,18:00,Dewanhat,0.5,10.9,7.1,59.4,125.8,155.7,187,Unhealthy
1/16/2025,0:00,Anderkilla,0.391,5,36,20,39,41,110,Unhealthy for Sensitive Groups
1/16/2025,6:00,Anderkilla,0.308,3,7,58,10,25,61,Moderate
1/16/2025,12:00,Anderkilla,0.434,6,25,17,27,48,82,Moderate
1/16/2025,18:00,Anderkilla,0.326,4,17,58,28,43,84,Moderate
1/16/2025,0:00,Kotowali,0.5,6.86,5.02,90.72,34.56,39.77,163,Unhealthy
1/16/2025,6:00,Kotowali,0.48,6.45,5.9,102.3,30.7,33.21,193,Unhealthy
1/16/2025,12:00,Kotowali,0.29,4.6,5.45,88.82,32.73,41.18,158,Unhealthy
1/16/2025,18:00,Kotowali,0.32,4.5,6.26,78.98,31.22,42.17,129,Unhealthy for Sensitive Groups
1/16/2025,6:00,Bayejid,0.42,12.98,3.28,97.52,57.97,44.8,181,Unhealthy
1/16/2025,12:00,Bayejid,0.45,13.21,5.08,114.68,97.97,102.86,210,Very Unhealthy
1/16/2025,6:00,Bayejid,0.36,14.4,2.31,109.31,88.58,52.82,204,Very Unhealthy
1/16/2025,0:00,Bayejid,0.33,9.26,6.89,76.98,44.57,18.8,123,Unhealthy for Sensitive Groups
1/16/2025,0:00,New Market,0.4,5.32,38.26,26.29,40.6,46.5,114,Unhealthy for Sensitive Groups
1/16/2025,6:00,New Market,0.32,3.56,8.16,59.26,28,49,84,Moderate
1/16/2025,12:00,New Market,0.345,4.26,18.46,59.27,30.75,44.89,90,Moderate
1/16/2025,18:00,New Market,0.33,4.96,6.78,76.46,46.75,43.16,129,Unhealthy for Sensitive Groups
1/17/2025,0:00,Dewanhat,0.45,8,9.5,57.5,70.9,110,159,Unhealthy
1/17/2025,6:00,Dewanhat,0.295,7,4.5,75.8,84.5,83.2,166,Unhealthy
1/17/2025,12:00,Dewanhat,0.38,6.9,11.5,69.2,66.7,72,157,Unhealthy
1/17/2025,18:00,Dewanhat,0.365,7.2,4.8,96.4,58.9,50.2,178,Unhealthy
1/17/2025,0:00,Anderkilla,0.373,5,28,23,31,41,91,Moderate
1/17/2025,6:00,Anderkilla,0.39,4,15,19,21,37,70,Moderate
1/17/2025,12:00,Anderkilla,0.465,7,18,34,52,58,142,Unhealthy for Sensitive Groups
1/17/2025,18:00,Anderkilla,0.383,5,13,32,38,31,107,Unhealthy for Sensitive Groups
1/17/2025,0:00,Kotowali,0.4,9.19,7.32,77.8,93.9,99.84,171,Unhealthy
1/17/2025,6:00,Kotowali,0.29,2.76,6.35,38.13,42.16,40.8,117,Unhealthy for Sensitive Groups
1/17/2025,12:00,Kotowali,0.32,3.82,6.6,39.22,40.37,32.84,113,Unhealthy for Sensitive Groups
1/17/2025,18:00,Kotowali,0.38,6.45,5.9,102.33,30.6,33.21,193,Unhealthy
1/17/2025,6:00,Bayejid,0.42,7.78,12.87,51.64,54.15,52.36,147,Unhealthy for Sensitive Groups
1/17/2025,12:00,Bayejid,0.42,7.41,11.37,50.47,63.38,50.48,155,Unhealthy
1/17/2025,6:00,Bayejid,0.32,7.21,3.27,89.11,55.26,51.83,159,Unhealthy
1/17/2025,0:00,Bayejid,0.3,4.88,8.21,108.79,26.92,32.12,204,Very Unhealthy
1/17/2025,0:00,New Market,0.43,6,29.32,23,32.16,43.96,93,Moderate
1/17/2025,6:00,New Market,0.39,4.26,6.36,76.15,62.16,72.56,154,Unhealthy
1/17/2025,12:00,New Market,0.32,7,19.46,36.75,62.34,59.45,155,Unhealthy
1/17/2025,18:00,New Market,0.368,5,6.2,88.72,56.19,59.46,158,Unhealthy
1/18/2025,0:00,Dewanhat,0.355,8.1,5.3,62.7,54.5,48.7,148,Unhealthy for Sensitive Groups
1/18/2025,6:00,Dewanhat,0.325,5.9,10.8,98.9,40,53.3,184,Unhealthy
1/18/2025,12:00,Dewanhat,0.34,5.7,21,34.7,19,45.5,66,Moderate
1/18/2025,18:00,Dewanhat,0.28,3.8,12.5,38,10.9,38.2,45,Good
1/18/2025,0:00,Anderkilla,0.427,5,16,27,23,46,74,Moderate
1/18/2025,6:00,Anderkilla,0.374,4,10,38,21,42,70,Moderate
1/18/2025,12:00,Anderkilla,0.423,6,19,42,41,57,115,Unhealthy for Sensitive Groups
1/18/2025,18:00,Anderkilla,0.393,6,12,34,29,65,87,Moderate
1/18/2025,0:00,Kotowali,0.29,6.37,3.34,102.89,48.19,47.16,195,Unhealthy
1/18/2025,6:00,Kotowali,0.36,7.06,10.65,47.13,70.64,76.44,159,Unhealthy
1/18/2025,12:00,Kotowali,0.4,3.57,6.18,99.98,41.13,35.43,187,Unhealthy
1/18/2025,18:00,Kotowali,0.42,8.61,2.26,112.5,65,53.8,208,Very Unhealthy
1/18/2025,6:00,Bayejid,0.39,7.99,9.23,11.92,50.02,48.02,137,Unhealthy for Sensitive Groups
1/18/2025,12:00,Bayejid,0.44,7.95,11.07,51.95,56.43,64.43,151,Unhealthy
1/18/2025,6:00,Bayejid,0.34,5.41,8.42,103.21,42.21,47.91,195,Unhealthy
1/18/2025,0:00,Bayejid,0.41,7.75,8.9,66.84,57.14,61.48,152,Unhealthy
1/18/2025,0:00,New Market,0.31,6.73,6,60.45,26.89,48.46,82,Moderate
1/18/2025,6:00,New Market,0.34,3.59,11.29,48.29,49.47,53.63,135,Unhealthy for Sensitive Groups
1/18/2025,12:00,New Market,0.36,4.56,6.46,96.26,42,60.75,177,Unhealthy
1/18/2025,18:00,New Market,0.39,6,16,36.16,49.26,63.26,135,Unhealthy for Sensitive Groups
1/19/2025,0:00,Dewanhat,0.32,4.5,24,43.5,14.5,34.1,56,Moderate
1/19/2025,6:00,Dewanhat,0.315,6.5,28,33.7,16.8,42,61,Moderate
1/19/2025,12:00,Dewanhat,0.35,5.7,26,19.8,21,35.5,70,Moderate
1/19/2025,18:00,Dewanhat,0.36,6.6,24,16.8,26,38.75,80,Moderate
1/19/2025,0:00,Anderkilla,0.413,6,17,29,27,42,82,Moderate
1/19/2025,6:00,Anderkilla,0.426,6,12,34,29,65,87,Moderate
1/19/2025,12:00,Anderkilla,0.437,6,19,48,36,67,102,Unhealthy for Sensitive Groups
1/19/2025,18:00,Anderkilla,0.401,5,18,60,29,49,87,Moderate
1/19/2025,0:00,Kotowali,0.32,7.54,100.3,10.17,49.16,47.18,135,Unhealthy for Sensitive Groups
1/19/2025,6:00,Kotowali,0.37,5.32,9.33,105.8,29.88,31.43,88,Moderate
1/19/2025,12:00,Kotowali,0.39,4.97,8.9,103.79,41.18,47.23,197,Unhealthy
1/19/2025,18:00,Kotowali,0.42,9.15,12.08,34.44,46.13,52.14,127,Unhealthy for Sensitive Groups
1/19/2025,6:00,Bayejid,0.38,4.91,8.08,61.57,42.26,45.07,118,Unhealthy for Sensitive Groups
1/19/2025,12:00,Bayejid,0.29,4.37,8.24,50.21,41.26,44.88,115,Unhealthy for Sensitive Groups
1/19/2025,6:00,Bayejid,0.27,2.86,2.7,73.06,55.26,48.08,150,Unhealthy for Sensitive Groups
1/19/2025,0:00,Bayejid,0.31,3.45,6.95,103.04,39.08,41.31,195,Unhealthy
1/19/2025,0:00,New Market,0.33,7,26,26,26.28,49.56,81,Moderate
1/19/2025,6:00,New Market,0.31,6,11.45,36.46,30.16,67,89,Moderate
1/19/2025,12:00,New Market,0.446,6,24,42,38,69,107,Unhealthy for Sensitive Groups
1/19/2025,18:00,New Market,0.4,5.36,8.69,89.56,23.46,48.26,160,Unhealthy
1/20/2025,0:00,Dewanhat,0.305,5.85,16,47,15.4,30.7,58,Moderate
1/20/2025,6:00,Dewanhat,0.385,6.8,18,52.8,20.9,38.2,70,Moderate
1/20/2025,12:00,Dewanhat,0.41,7.1,15,99.4,53.2,58.5,186,Unhealthy
1/20/2025,18:00,Dewanhat,0.345,5.45,27,20.5,22.5,33,73,Moderate
1/20/2025,0:00,Anderkilla,0.431,6,9,29,27,65,82,Moderate
1/20/2025,6:00,Anderkilla,0.447,7,12,39,42,70,117,Unhealthy for Sensitive Groups
1/20/2025,12:00,Anderkilla,0.487,7,19,48,53,67,144,Unhealthy for Sensitive Groups
1/20/2025,18:00,Anderkilla,0.421,8,18,86,32,79,151,Unhealthy
1/20/2025,0:00,Kotowali,0.42,6.28,3.84,103.2,49.13,47.98,195,Unhealthy
1/20/2025,6:00,Kotowali,0.29,6.13,16.76,30.41,70.65,67.19,159,Unhealthy
1/20/2025,12:00,Kotowali,0.3,7.87,3.98,90.81,54.56,50.96,163,Unhealthy
1/20/2025,18:00,Kotowali,0.36,7.88,12.07,49.11,48.19,36.19,132,Unhealthy for Sensitive Groups
1/20/2025,6:00,Bayejid,0.46,11.31,7.44,75.46,77.88,84.21,163,Unhealthy
1/20/2025,12:00,Bayejid,0.55,16.08,6.23,59.73,90.42,122.98,169,Unhealthy
1/20/2025,6:00,Bayejid,0.36,10.91,2.31,131.29,79.39,75.37,228,Very Unhealthy
1/20/2025,0:00,Bayejid,0.4,11.15,6.57,123.17,68.88,69.22,219,Very Unhealthy
1/20/2025,0:00,New Market,0.42,8,19.78,46.56,16.5,38.76,60,Moderate
1/20/2025,6:00,New Market,0.385,6.98,22.45,56.26,48.46,72.56,133,Unhealthy for Sensitive Groups
1/20/2025,12:00,New Market,0.36,11.15,19.46,89.49,36.26,80.16,160,Unhealthy
1/20/2025,18:00,New Market,0.31,6.67,6.3,98.28,65.6,65.38,183,Unhealthy
3/1/2025,0:00,Dewanhat,0.42,7.5,15.8,94.3,60.2,72.8,172,Unhealthy
3/1/2025,6:00,Dewanhat,0.33,6.9,12.3,85.6,58.3,68.5,152,Unhealthy
3/1/2025,12:00,Dewanhat,0.45,8.7,18.5,96.2,80.1,90.4,177,Unhealthy
3/1/2025,18:00,Dewanhat,0.36,7.8,9.7,103.4,66.2,76.9,196,Unhealthy
3/1/2025,0:00,Anderkilla,0.342,5,17,31,31,63,91,Moderate
3/1/2025,6:00,Anderkilla,0.433,8,12,45,58,104,152,Unhealthy
3/1/2025,12:00,Anderkilla,0.356,8,8,45,69,105,158,Unhealthy
3/1/2025,18:00,Anderkilla,0.321,8,20,52,37,62,105,Unhealthy for Sensitive Groups
3/1/2025,0:00,Kotowali,0.32,9.88,8.87,89.28,49.25,53.26,159,Unhealthy
3/1/2025,6:00,Kotowali,0.41,6.3,4.69,93.34,35.3,52.83,170,Unhealthy
3/1/2025,12:00,Kotowali,0.44,7.8,7.66,45.33,41.23,50.11,115,Unhealthy for Sensitive Groups
3/1/2025,18:00,Kotowali,0.39,8.34,7.25,46.32,37.77,48.32,107,Unhealthy for Sensitive Groups
3/1/2025,6:00,Bayejid,0.34,5.05,12.01,50.73,59.83,75.47,153,Unhealthy
3/1/2025,12:00,Bayejid,0.36,6.65,7.6,71.08,128.11,141.6,188,Unhealthy
3/1/2025,6:00,Bayejid,0.4,6.11,14.5,50.99,54.73,46.17,148,Unhealthy for Sensitive Groups
3/1/2025,0:00,Bayejid,0.42,7.19,12.54,51.36,54.15,52.16,147,Unhealthy for Sensitive Groups
3/1/2025,0:00,New Market,0.35,5.6,9.2,46.32,47.25,50.26,130,Unhealthy for Sensitive Groups
3/1/2025,6:00,New Market,0.49,6.23,5.29,56.23,35.62,53.26,101,Unhealthy for Sensitive Groups
3/1/2025,12:00,New Market,0.4,7.8,13.62,45,57.12,67.12,152,Unhealthy
3/1/2025,18:00,New Market,0.38,9.4,7.2,60.32,41.23,71.28,115,Unhealthy for Sensitive Groups
3/2/2025,0:00,Dewanhat,0.32,5.4,9.2,50.3,35.2,40.5,100,Moderate
3/2/2025,6:00,Dewanhat,0.35,6.1,12.5,62.4,45.3,50.2,125,Unhealthy for Sensitive Groups
3/2/2025,12:00,Dewanhat,0.51,10.2,18.9,115.2,85.6,98.3,211,Very Unhealthy
3/2/2025,18:00,Dewanhat,0.6,18.5,8.5,140.8,110.2,132.6,238,Very Unhealthy
3/2/2025,0:00,Anderkilla,0.322,5,13,29,31,60,91,Moderate
3/2/2025,6:00,Anderkilla,0.297,5,11,30,35,66,99,Moderate
3/2/2025,12:00,Anderkilla,0.247,5,8,42,35,78,99,Moderate
3/2/2025,18:00,Anderkilla,0.259,4,18,45,28,62,84,Moderate
3/2/2025,0:00,Kotowali,0.33,4.6,5.45,78.8,31.57,41.17,128,Unhealthy for Sensitive Groups
3/2/2025,6:00,Kotowali,0.39,6.45,5.9,102.38,30.6,33.21,193,Unhealthy
3/2/2025,12:00,Kotowali,0.42,6.86,5.02,90.72,35,39.77,163,Unhealthy
3/2/2025,18:00,Kotowali,0.4,6.45,5.9,102.38,30.6,33.21,193,Unhealthy
3/2/2025,6:00,Bayejid,0.42,7.41,11.34,50.46,63.37,50.47,155,Unhealthy
3/2/2025,12:00,Bayejid,0.32,7.06,3.27,89.11,55.76,51.97,159,Unhealthy
3/2/2025,6:00,Bayejid,0.32,4.88,8.21,108.79,26.96,32.21,204,Very Unhealthy
3/2/2025,0:00,Bayejid,0.39,7.95,9.36,11.82,50.02,48.61,137,Unhealthy for Sensitive Groups
3/2/2025,0:00,New Market,0.43,7.6,5.46,42.12,47.23,42.26,130,Unhealthy for Sensitive Groups
3/2/2025,6:00,New Market,0.38,6.2,12.2,52.37,46.28,48.6,128,Unhealthy for Sensitive Groups
3/2/2025,12:00,New Market,0.39,8.6,8.26,50.26,82.13,66.23,165,Unhealthy
3/2/2025,18:00,New Market,0.46,10.2,9.12,61.25,85.2,12.36,166,Unhealthy
3/3/2025,0:00,Dewanhat,0.29,4.8,7.6,55.2,30.1,38.2,89,Moderate
3/3/2025,6:00,Dewanhat,0.33,5.9,10.4,68.1,40.3,49.5,113,Unhealthy for Sensitive Groups
3/3/2025,12:00,Dewanhat,0.5,11.8,20.2,120.6,90.4,105.7,216,Very Unhealthy
3/3/2025,18:00,Dewanhat,0.63,20.3,9.7,145.6,115.4,140.1,243,Very Unhealthy
3/3/2025,0:00,Anderkilla,0.317,4,16,27,33,68,95,Moderate
3/3/2025,6:00,Anderkilla,0.314,3,12,33,31,57,91,Moderate
3/3/2025,12:00,Anderkilla,0.251,4,7,50,30,62,89,Moderate
3/3/2025,18:00,Anderkilla,0.241,4,17,48,21,48,70,Moderate
3/3/2025,0:00,Kotowali,0.4,3.82,6.6,39.22,40.37,32.84,113,Unhealthy for Sensitive Groups
3/3/2025,6:00,Kotowali,0.38,2.76,6.35,38.13,42.67,40.8,119,Unhealthy for Sensitive Groups
3/3/2025,12:00,Kotowali,0.41,9.19,7.32,77.84,93.9,99.84,171,Unhealthy
3/3/2025,18:00,Kotowali,0.49,8.61,2.53,110.1,65,53.8,205,Very Unhealthy
3/3/2025,6:00,Bayejid,0.44,7.95,11.03,51.96,56.12,64.43,151,Unhealthy
3/3/2025,12:00,Bayejid,0.44,7.99,10.64,45.21,48.79,50.7,134,Unhealthy for Sensitive Groups
3/3/2025,6:00,Bayejid,0.34,5.41,8.43,103.21,42.22,47.91,195,Unhealthy
3/3/2025,0:00,Bayejid,0.41,0.25,3,7.76,55.52,33.23,151,Unhealthy
3/3/2025,0:00,New Market,0.35,5.32,7.6,29.3,36.29,67.29,103,Unhealthy for Sensitive Groups
3/3/2025,6:00,New Market,0.36,5.26,7.2,55.23,30.12,42.15,89,Moderate
3/3/2025,12:00,New Market,0.39,3.65,6.2,43.2,42.13,36.28,117,Unhealthy for Sensitive Groups
3/3/2025,18:00,New Market,0.48,9.6,11.23,58,93,46,170,Unhealthy
3/4/2025,0:00,Dewanhat,0.3,5.2,8.9,52.8,32.4,42.6,94,Moderate
3/4/2025,6:00,Dewanhat,0.34,6.4,13.1,66.2,42.7,50.6,119,Unhealthy for Sensitive Groups
3/4/2025,12:00,Dewanhat,0.52,12.4,19.5,118.2,88.3,102.6,214,Very Unhealthy
3/4/2025,18:00,Dewanhat,0.64,21.2,10.5,147.4,120.6,145.3,245,Very Unhealthy
3/4/2025,0:00,Anderkilla,0.304,3,17,21,26,54,80,Moderate
3/4/2025,6:00,Anderkilla,0.321,2,15,23,27,48,82,Moderate
3/4/2025,12:00,Anderkilla,0.356,4,14,45,38,51,107,Unhealthy for Sensitive Groups
3/4/2025,18:00,Anderkilla,0.275,6,20,59,29,61,87,Moderate
3/4/2025,0:00,Kotowali,0.42,3.53,6.18,99.98,41.1,35.33,187,Unhealthy
3/4/2025,6:00,Kotowali,0.4,7.05,10.38,45.13,70.85,76.44,159,Unhealthy
3/4/2025,12:00,Kotowali,0.46,6.37,3.33,102.89,48.48,46.47,195,Unhealthy
3/4/2025,18:00,Kotowali,0.49,9.15,12.08,34.98,46.26,52.14,127,Unhealthy for Sensitive Groups
3/4/2025,6:00,Bayejid,0.38,4.31,8.05,61.51,42.96,45.07,119,Unhealthy for Sensitive Groups
3/4/2025,12:00,Bayejid,0.38,4.38,8.24,50.2,41.27,44.67,115,Unhealthy for Sensitive Groups
3/4/2025,6:00,Bayejid,0.27,2.86,2.5,73.05,55.26,48.09,150,Unhealthy for Sensitive Groups
3/4/2025,0:00,Bayejid,0.31,3.45,6.95,103.04,39.58,41.21,195,Unhealthy
3/4/2025,0:00,New Market,0.49,5.32,9.2,56.1,36.2,48.6,103,Unhealthy for Sensitive Groups
3/4/2025,6:00,New Market,0.58,12.2,9.6,65.2,72.1,42.26,160,Unhealthy
3/4/2025,12:00,New Market,0.56,12.5,18.23,78,63.2,47.2,155,Unhealthy
3/4/2025,18:00,New Market,0.65,22.8,12.2,97.2,112.1,92.36,180,Unhealthy
3/5/2025,0:00,Dewanhat,0.31,5.6,9.5,54.6,34.3,45.1,98,Moderate
3/5/2025,6:00,Dewanhat,0.36,6.9,14.6,70.4,46.8,52.3,129,Unhealthy for Sensitive Groups
3/5/2025,12:00,Dewanhat,0.49,13.1,22.4,122.5,92.6,108.1,218,Very Unhealthy
3/5/2025,18:00,Dewanhat,0.61,19.8,11.2,127.1,97.2,113.7,223,Very Unhealthy
3/5/2025,0:00,Anderkilla,0.365,6,16,35,43,87,119,Unhealthy for Sensitive Groups
3/5/2025,6:00,Anderkilla,0.327,4,15,23,37,58,105,Unhealthy for Sensitive Groups
3/5/2025,12:00,Anderkilla,0.381,5,8,57,26,61,80,Moderate
3/5/2025,18:00,Anderkilla,0.293,5,12,54,29,59,87,Moderate
3/5/2025,0:00,Kotowali,0.33,4.08,9,103.79,41.18,47.13,197,Unhealthy
3/5/2025,6:00,Kotowali,0.42,5.31,9.32,106.73,29.88,31.43,202,Very Unhealthy
3/5/2025,12:00,Kotowali,0.44,7.52,10.3,10.17,49.08,47.1,134,Unhealthy for Sensitive Groups
3/5/2025,18:00,Kotowali,0.46,7.24,12.03,48.81,48.17,35.16,132,Unhealthy for Sensitive Groups
3/5/2025,6:00,Bayejid,0.46,11.36,7.44,75.6,77.88,84.12,163,Unhealthy
3/5/2025,12:00,Bayejid,0.55,16.8,6.23,59.73,90.43,122.48,169,Unhealthy
3/5/2025,6:00,Bayejid,0.36,10.91,2.31,131.17,79.39,75.37,228,Very Unhealthy
3/5/2025,0:00,Bayejid,0.4,11.15,6.47,123.17,68.88,69.22,219,Very Unhealthy
3/5/2025,0:00,New Market,0.35,7.2,8,56,37,48.2,105,Unhealthy for Sensitive Groups
3/5/2025,6:00,New Market,0.39,7.2,15.2,78.9,36.2,56.2,129,Unhealthy for Sensitive Groups
3/5/2025,12:00,New Market,0.27,7.89,2.38,123.22,42.2,33.74,219,Very Unhealthy
3/5/2025,18:00,New Market,0.68,22.36,15.2,112.2,95.3,112.2,208,Very Unhealthy
3/6/2025,0:00,Dewanhat,0.28,4.5,7.2,51.3,28.7,37.5,86,Moderate
3/6/2025,6:00,Dewanhat,0.32,6,11.2,65.8,41.5,48.9,116,Unhealthy for Sensitive Groups
3/6/2025,12:00,Dewanhat,0.48,10.9,21.6,119.4,87.2,100.5,215,Very Unhealthy
3/6/2025,18:00,Dewanhat,0.62,20.7,10.8,146.7,117.5,141.6,244,Very Unhealthy
3/6/2025,0:00,Anderkilla,0.381,7,19,41,42,78,117,Unhealthy for Sensitive Groups
3/6/2025,6:00,Anderkilla,0.338,6,17,37,39,52,110,Unhealthy for Sensitive Groups
3/6/2025,12:00,Anderkilla,0.381,7,31,47,41,62,115,Unhealthy for Sensitive Groups
3/6/2025,18:00,Anderkilla,0.351,7,21,45,31,58,91,Moderate
3/6/2025,0:00,Kotowali,0.42,6.3,4.69,93.5,45.13,52.3,170,Unhealthy
3/6/2025,6:00,Kotowali,0.4,9.88,8.87,89.23,49.54,53.6,159,Unhealthy
3/6/2025,12:00,Kotowali,0.49,4.6,5.45,78.8,31.53,41.97,128,Unhealthy for Sensitive Groups
3/6/2025,18:00,Kotowali,0.44,6.45,5.9,102.38,30.5,33.12,193,Unhealthy
3/6/2025,6:00,Bayejid,0.42,12.57,3.27,97.51,57.48,44,181,Unhealthy
3/6/2025,12:00,Bayejid,0.45,13.26,5.08,114.95,97.67,102.68,210,Very Unhealthy
3/6/2025,6:00,Bayejid,0.36,14.4,2.31,109.81,88.58,54.82,205,Very Unhealthy
3/6/2025,0:00,Bayejid,0.33,9.24,6.87,76.75,44.7,18.7,124,Unhealthy for Sensitive Groups
3/6/2025,0:00,New Market,0.45,7.2,5.6,97,35.6,59,179,Unhealthy
3/6/2025,6:00,New Market,0.49,11.53,10.76,77.34,51.26,70.74,140,Unhealthy for Sensitive Groups
3/6/2025,12:00,New Market,0.39,8,36,48.2,49.2,65.92,135,Unhealthy for Sensitive Groups
3/6/2025,18:00,New Market,0.63,22.1,12.3,38.2,16.8,23.5,61,Moderate
3/7/2025,0:00,Dewanhat,0.34,5.2,7.1,52.3,30,40.2,89,Moderate
3/7/2025,6:00,Dewanhat,0.27,4.3,6.9,49.6,26.4,35.8,81,Moderate
3/7/2025,12:00,Dewanhat,0.31,5.7,10.8,64.5,39.8,47.1,112,Unhealthy for Sensitive Groups
3/7/2025,18:00,Dewanhat,0.47,11.3,19.9,121.8,90.1,103.8,218,Very Unhealthy
3/7/2025,0:00,Anderkilla,0.351,7,13,31,42,72,117,Unhealthy for Sensitive Groups
3/7/2025,6:00,Anderkilla,0.338,7,14,35,31,53,91,Moderate
3/7/2025,12:00,Anderkilla,0.301,8,17,54,38,69,107,Unhealthy for Sensitive Groups
3/7/2025,18:00,Anderkilla,0.349,7,16,43,34,63,97,Moderate
3/7/2025,0:00,Kotowali,0.34,6.98,5.06,90.73,35,39.77,163,Unhealthy
3/7/2025,6:00,Kotowali,0.29,6.46,5.9,102.92,30.33,33.21,195,Unhealthy
3/7/2025,12:00,Kotowali,0.31,3.82,6.6,39.32,40.37,32.88,113,Unhealthy for Sensitive Groups
3/7/2025,18:00,Kotowali,0.33,2.76,6.57,38.13,42.99,40.8,119,Unhealthy for Sensitive Groups
3/7/2025,6:00,Bayejid,0.37,10.24,7.95,38.64,76.88,71.07,162,Unhealthy
3/7/2025,12:00,Bayejid,0.47,11.68,6.12,61.69,83.65,78.03,166,Unhealthy
3/7/2025,6:00,Bayejid,0.36,6.47,5.32,82.16,52.05,52.81,142,Unhealthy for Sensitive Groups
3/7/2025,0:00,Bayejid,0.39,7,5.41,40.09,63.37,57.66,155,Unhealthy
3/7/2025,0:00,New Market,0.36,7.2,6.34,92.5,36.4,40.15,168,Unhealthy
3/7/2025,6:00,New Market,0.31,7.68,7.25,98.3,29.1,35.26,183,Unhealthy
3/7/2025,12:00,New Market,0.39,4.6,5.68,42.5,42.62,35.1,119,Unhealthy for Sensitive Groups
3/7/2025,18:00,New Market,0.41,3.62,7.25,41.25,45.26,49.21,125,Unhealthy for Sensitive Groups
3/8/2025,0:00,Dewanhat,0.29,4.7,8.1,53.1,31.2,41.7,91,Moderate
3/8/2025,6:00,Dewanhat,0.33,6.3,12.7,67.5,43.1,51.2,120,Unhealthy for Sensitive Groups
3/8/2025,12:00,Dewanhat,0.53,12.8,23.1,124.7,95.2,110.3,221,Very Unhealthy
3/8/2025,18:00,Dewanhat,0.66,22.5,13.6,150.2,125.8,150.4,248,Very Unhealthy
3/8/2025,0:00,Anderkilla,0.344,6,19,35,38,61,107,Unhealthy for Sensitive Groups
3/8/2025,6:00,Anderkilla,0.452,6,21,28,61,99,154,Unhealthy
3/8/2025,12:00,Anderkilla,0.253,8,8,77,36,101,122,Unhealthy for Sensitive Groups
3/8/2025,18:00,Anderkilla,0.257,7,23,52,33,75,95,Moderate
3/8/2025,0:00,Kotowali,0.333,9.19,7.32,77.86,93.9,99.92,171,Unhealthy
3/8/2025,6:00,Kotowali,0.291,8.61,2.28,111.9,65,53.8,207,Very Unhealthy
3/8/2025,12:00,Kotowali,0.42,3.57,6.18,99.55,41.2,32.65,186,Unhealthy
3/8/2025,18:00,Kotowali,0.44,7.06,10.35,45.13,70.86,76.44,159,Unhealthy
3/8/2025,6:00,Bayejid,0.39,7,5.95,40.09,63.37,57.93,155,Unhealthy
3/8/2025,12:00,Bayejid,0.43,9.47,6.81,32.84,84.08,86.44,166,Unhealthy
3/8/2025,6:00,Bayejid,0.39,4.86,5.68,53.86,120.97,120.77,185,Unhealthy
3/8/2025,0:00,Bayejid,0.29,8.54,3.82,87.11,64.29,38.65,156,Unhealthy
3/8/2025,0:00,New Market,0.28,7.2,15.29,68.26,45.26,59.29,125,Unhealthy for Sensitive Groups
3/8/2025,6:00,New Market,0.68,8.61,2.28,111.9,65,53.8,207,Very Unhealthy
3/8/2025,12:00,New Market,0.41,11.53,7.66,118.13,52.65,89,214,Very Unhealthy
3/8/2025,18:00,New Market,0.49,8.26,11.2,46.24,72.25,79.26,160,Unhealthy
3/9/2025,0:00,Dewanhat,0.3,5.1,9.4,55.7,33.9,43.8,97,Moderate
3/9/2025,6:00,Dewanhat,0.35,7.1,15.2,72.3,48.6,54.8,133,Unhealthy for Sensitive Groups
3/9/2025,12:00,Dewanhat,0.54,13.4,24.5,126.9,98.4,112.7,223,Very Unhealthy
3/9/2025,18:00,Dewanhat,0.67,23.1,14.2,152.1,128.3,153.6,250,Very Unhealthy
3/9/2025,0:00,Anderkilla,0.454,6,21,26,46,84,127,Unhealthy for Sensitive Groups
3/9/2025,6:00,Anderkilla,0.451,6,23,29,67,92,157,Unhealthy
3/9/2025,12:00,Anderkilla,0.483,8,29,79,68,92,157,Unhealthy
3/9/2025,18:00,Anderkilla,0.357,6,18,61,47,49,129,Unhealthy for Sensitive Groups
3/9/2025,0:00,Kotowali,0.42,6.37,3.33,102.32,48.88,45.57,193,Unhealthy
3/9/2025,6:00,Kotowali,0.44,9.18,12.08,34.83,46.26,52.14,127,Unhealthy for Sensitive Groups
3/9/2025,12:00,Kotowali,0.32,4.96,9,103.77,41.13,47.23,197,Unhealthy
3/9/2025,18:00,Kotowali,0.39,5.31,9.32,106.73,29.88,31.23,202,Very Unhealthy
3/9/2025,6:00,Bayejid,0.44,7.7,9.78,58.76,152.34,172.78,203,Very Unhealthy
3/9/2025,12:00,Bayejid,0.52,11.31,6.34,53.97,96.8,105.88,172,Unhealthy
3/9/2025,6:00,Bayejid,0.52,10.96,6.08,75.34,81.54,79.3,164,Unhealthy
3/9/2025,0:00,Bayejid,0.38,7.58,5.92,95.04,54.55,61.58,174,Unhealthy
3/9/2025,0:00,New Market,0.48,8.26,26.3,29.6,48.2,86.23,132,Unhealthy for Sensitive Groups
3/9/2025,6:00,New Market,0.48,8.2,25.26,30.8,68.29,93.26,158,Unhealthy
3/9/2025,12:00,New Market,0.33,7.93,7.82,104.99,43.27,59.48,200,Unhealthy
3/9/2025,18:00,New Market,0.39,6.58,11.5,98.76,32.12,36.25,184,Unhealthy
3/10/2025,0:00,Dewanhat,0.28,4.6,7.7,50.9,29.6,39.2,88,Moderate
3/10/2025,6:00,Dewanhat,0.34,6.8,13.5,69.8,45.2,52.7,125,Unhealthy for Sensitive Groups
3/10/2025,12:00,Dewanhat,0.5,11.9,22.8,123.3,94.1,107.5,219,Very Unhealthy
3/10/2025,18:00,Dewanhat,0.63,20.9,12.5,147.9,120.9,144.5,245,Very Unhealthy
3/10/2025,0:00,Anderkilla,0.421,6,23,25,44,79,122,Unhealthy for Sensitive Groups
3/10/2025,6:00,Anderkilla,0.455,6,21,41,23,54,74,Moderate
3/10/2025,12:00,Anderkilla,0.489,7,25,78,67,91,157,Unhealthy
3/10/2025,18:00,Anderkilla,0.303,6,18,75,44,53,122,Unhealthy for Sensitive Groups
3/10/2025,0:00,Kotowali,0.31,7.63,10.3,10.17,49.07,47.18,134,Unhealthy for Sensitive Groups
3/10/2025,6:00,Kotowali,0.42,7.24,12.03,48.81,48.17,35.16,132,Unhealthy for Sensitive Groups
3/10/2025,12:00,Kotowali,0.44,7.57,3.58,90.81,54.65,50.95,163,Unhealthy
3/10/2025,18:00,Kotowali,0.5,6.15,14.76,30.04,70.64,67.17,159,Unhealthy
3/10/2025,6:00,Bayejid,0.44,6.63,7.01,83.45,62.55,74.54,155,Unhealthy
3/10/2025,12:00,Bayejid,0.52,10.4,7.58,79.83,82.31,84.41,165,Unhealthy
3/10/2025,6:00,Bayejid,0.41,5.68,6.83,105.98,78.51,95.1,163,Unhealthy
3/10/2025,0:00,Bayejid,0.3,5.06,4.51,63.38,54.78,65.57,148,Unhealthy for Sensitive Groups
3/10/2025,0:00,New Market,0.3,5.2,7.9,56.23,30.2,39.2,89,Moderate
3/10/2025,6:00,New Market,0.23,0.89,22.25,80.25,69.23,98.2,158,Unhealthy
3/10/2025,12:00,New Market,0.25,3,7.76,55.52,33.23,36.76,95,Moderate
3/10/2025,18:00,New Market,0.35,6.16,8.85,111.09,42.63,47.55,206,Very Unhealthy
